species,x,y
A. nonstriata,13.6875,51.1875
A. nonstriata,13.6875,51.1041666666667
A. nonstriata,13.7708333333333,51.1875
A. nonstriata,13.7708333333333,51.1041666666667
A. nonstriata,13.6041666666667,51.1041666666667
A. nonstriata,13.6041666666667,51.1875
A. nonstriata,12.9375,56.5625
A. nonstriata,15.3958333333333,56.3125
A. nonstriata,13.0208333333333,56.0625
A. nonstriata,13.1041666666667,56.4791666666667
A. nonstriata,7.0625,50.9375
A. nonstriata,10.8958333333333,53.3125
A. nonstriata,4.47916666666666,51.4791666666667
A. nonstriata,5.85416666666666,52.7708333333333
A. nonstriata,6.02083333333331,52.7708333333333
A. nonstriata,6.10416666666666,52.6875
A. nonstriata,5.14583333333331,52.1458333333333
A. nonstriata,5.9375,52.7708333333333
A. nonstriata,4.47916666666666,51.5208333333333
A. nonstriata,5.64583333333331,51.8958333333333
A. nonstriata,5.35416666666666,51.8541666666667
A. nonstriata,6.02083333333331,51.8958333333333
A. nonstriata,5.27083333333331,51.8541666666667
A. nonstriata,6.85416666666666,51.1458333333333
A. nonstriata,7.8125,48.0208333333333
A. nonstriata,6.89583333333331,50.7708333333333
A. nonstriata,6.8125,51.6875
A. nonstriata,8.0625,49.0208333333333
A. nonstriata,6.85416666666666,51.0625
A. nonstriata,6.9375,50.7291666666667
A. nonstriata,13.4791666666667,52.4791666666667
A. nonstriata,14.0208333333333,52.1041666666667
A. nonstriata,11.5625,50.3125
A. nonstriata,18.1041666666667,45.4791666666667
A. nonstriata,13.3541666666667,54.2291666666667
A. nonstriata,13.3958333333333,54.1458333333333
A. nonstriata,13.5625,54.1458333333333
A. nonstriata,9.35416666666666,47.2708333333333
A. nonstriata,9.22916666666666,49.5208333333333
A. nonstriata,7.39583333333331,49.4791666666667
A. nonstriata,7.02083333333331,50.3958333333333
A. nonstriata,8.10416666666666,49.0208333333333
A. nonstriata,6.22916666666666,51.4791666666667
A. nonstriata,6.52083333333331,51.0625
A. nonstriata,8.3125,51.5625
A. nonstriata,8.35416666666666,52.2291666666667
A. nonstriata,8.3125,52.1041666666667
A. nonstriata,8.27083333333331,52.0208333333333
A. nonstriata,12.1458333333333,51.4791666666667
A. nonstriata,13.2291666666667,53.0208333333333
A. nonstriata,10.4375,53.5208333333333
A. nonstriata,11.2708333333333,53.0208333333333
A. nonstriata,10.5208333333333,53.0625
A. nonstriata,21.1041666666667,47.7291666666667
A. nonstriata,9.02083333333331,50.0625
A. nonstriata,9.10416666666666,49.5625
A. nonstriata,7.0625,51.1041666666667
A. nonstriata,8.22916666666666,48.9791666666667
A. nonstriata,9.47916666666666,47.3125
A. nonstriata,9.4375,47.5625
A. nonstriata,8.39583333333331,47.5625
A. nonstriata,11.4791666666667,48.4791666666667
A. nonstriata,19.5625,49.1458333333333
A. nonstriata,9.10416666666666,47.3958333333333
A. nonstriata,8.3125,49.0208333333333
A. nonstriata,8.14583333333331,49.1041666666667
A. nonstriata,8.22916666666666,49.0208333333333
A. nonstriata,8.1875,48.6041666666667
A. nonstriata,8.02083333333331,48.4375
A. nonstriata,6.3125,49.3958333333333
A. nonstriata,6.22916666666666,49.3125
A. nonstriata,6.27083333333331,49.3958333333333
A. nonstriata,7.4375,49.4791666666667
A. nonstriata,7.02083333333331,50.4791666666667
A. nonstriata,6.02083333333331,51.4791666666667
A. nonstriata,11.1875,46.3125
A. nonstriata,12.2708333333333,48.9791666666667
A. nonstriata,11.5208333333333,48.4791666666667
A. nonstriata,16.4791666666667,48.0208333333333
A. nonstriata,16.2708333333333,46.3125
A. nonstriata,16.2291666666667,46.5208333333333
A. nonstriata,16.2708333333333,46.5625
A. nonstriata,16.3125,46.4791666666667
A. nonstriata,16.2708333333333,46.5208333333333
A. nonstriata,16.1458333333333,46.5208333333333
A. nonstriata,16.2708333333333,46.4791666666667
A. nonstriata,16.1875,46.4791666666667
A. nonstriata,16.1875,46.5208333333333
A. nonstriata,16.3958333333333,47.0625
A. nonstriata,16.1875,46.5625
A. nonstriata,16.3958333333333,47.2291666666667
A. nonstriata,16.3958333333333,46.6041666666667
A. nonstriata,16.2291666666667,46.9791666666667
A. nonstriata,16.3125,47.3958333333333
A. nonstriata,13.2291666666667,52.3125
A. nonstriata,14.5208333333333,51.1458333333333
A. nonstriata,14.4791666666667,51.2291666666667
A. nonstriata,11.3125,53.1875
A. nonstriata,9.35416666666666,47.3125
A. nonstriata,23.3958333333333,53.0625
A. nonstriata,17.5208333333333,46.5625
A. nonstriata,7.3125,47.9791666666667
A. nonstriata,13.0208333333333,52.1875
A. nonstriata,12.5625,52.2291666666667
A. nonstriata,13.4375,52.2708333333333
A. nonstriata,13.0208333333333,52.2291666666667
A. nonstriata,6.52083333333331,50.0208333333333
A. nonstriata,12.3541666666667,51.5208333333333
A. nonstriata,11.4791666666667,52.0208333333333
A. nonstriata,13.5625,52.5625
A. nonstriata,14.2291666666667,51.2291666666667
A. nonstriata,14.0208333333333,51.5208333333333
A. nonstriata,14.3125,52.2708333333333
A. nonstriata,13.2291666666667,51.4791666666667
A. nonstriata,13.1875,54.0625
A. nonstriata,11.2708333333333,53.9791666666667
A. nonstriata,14.1041666666667,53.5625
A. nonstriata,11.3125,51.4791666666667
A. nonstriata,14.3541666666667,51.1458333333333
A. nonstriata,13.0208333333333,52.3541666666667
A. nonstriata,12.2708333333333,52.3125
A. nonstriata,12.4375,51.4791666666667
A. nonstriata,12.3125,52.2291666666667
A. nonstriata,12.2708333333333,53.0208333333333
A. nonstriata,9.27083333333331,52.4791666666667
A. nonstriata,13.1041666666667,52.3125
A. nonstriata,13.2291666666667,52.3958333333333
A. nonstriata,13.3958333333333,52.2291666666667
A. nonstriata,13.1875,52.3125
A. nonstriata,13.1458333333333,52.3125
A. nonstriata,11.1875,53.5625
A. nonstriata,12.3541666666667,51.3541666666667
A. nonstriata,14.0208333333333,52.9791666666667
A. nonstriata,12.2708333333333,54.2291666666667
A. nonstriata,9.02083333333331,52.9791666666667
A. nonstriata,6.14583333333331,46.1041666666667
A. nonstriata,5.14583333333331,51.5625
A. nonstriata,5.0625,52.1875
A. nonstriata,5.27083333333331,52.0208333333333
A. nonstriata,5.0625,52.0208333333333
A. nonstriata,5.35416666666666,51.5625
A. nonstriata,4.4375,52.4791666666667
A. nonstriata,5.0625,52.1458333333333
A. nonstriata,5.0625,52.1041666666667
A. nonstriata,6.02083333333331,52.1041666666667
A. nonstriata,6.02083333333331,49.9791666666667
A. nonstriata,6.02083333333331,51.0625
A. nonstriata,4.47916666666666,50.5625
A. nonstriata,5.27083333333331,51.2291666666667
A. nonstriata,4.4375,52.1041666666667
A. nonstriata,4.5625,52.1875
A. nonstriata,5.4375,51.5208333333333
A. nonstriata,5.27083333333331,52.0625
A. nonstriata,5.3125,52.0625
A. nonstriata,3.0625,51.1875
A. nonstriata,8.35416666666666,49.5625
A. nonstriata,12.4375,47.4791666666667
A. nonstriata,11.1458333333333,53.3125
A. nonstriata,8.52083333333331,48.9791666666667
A. nonstriata,10.1458333333333,49.1041666666667
A. nonstriata,9.47916666666666,48.4791666666667
A. nonstriata,14.1458333333333,51.3125
A. nonstriata,11.3125,51.5208333333333
A. nonstriata,13.0625,52.3541666666667
A. nonstriata,13.2708333333333,52.1875
A. nonstriata,13.5208333333333,52.5208333333333
A. nonstriata,13.4375,53.0208333333333
A. nonstriata,11.4375,48.1041666666667
A. nonstriata,21.3541666666667,47.3125
A. nonstriata,14.2291666666667,51.4375
A. nonstriata,12.2708333333333,54.0208333333333
A. nonstriata,13.3958333333333,52.1041666666667
A. nonstriata,12.1875,51.0625
A. nonstriata,12.1458333333333,51.2291666666667
A. nonstriata,12.4375,51.1041666666667
A. nonstriata,8.27083333333331,52.5208333333333
A. nonstriata,8.14583333333331,52.4791666666667
A. nonstriata,13.2708333333333,52.3125
A. nonstriata,10.0625,52.3541666666667
A. nonstriata,6.52083333333331,51.0208333333333
A. nonstriata,6.5625,50.5625
A. nonstriata,6.4375,51.1041666666667
A. nonstriata,6.47916666666666,51.1458333333333
A. nonstriata,6.14583333333331,50.4791666666667
A. nonstriata,7.0625,50.4375
A. nonstriata,10.2291666666667,49.5625
A. nonstriata,12.3125,47.5208333333333
A. nonstriata,8.22916666666666,52.5625
A. nonstriata,11.1458333333333,53.1041666666667
A. nonstriata,6.27083333333331,51.1041666666667
A. nonstriata,7.14583333333331,50.4791666666667
A. nonstriata,12.2291666666667,47.5208333333333
A. nonstriata,6.4375,50.3125
A. nonstriata,7.1875,50.5625
A. nonstriata,6.14583333333331,51.3125
A. nonstriata,6.4375,50.4791666666667
A. nonstriata,7.4375,48.1041666666667
A. nonstriata,8.64583333333331,50.1458333333333
A. nonstriata,8.77083333333331,50.1458333333333
A. nonstriata,9.72916666666666,50.8541666666667
A. nonstriata,20.7291666666667,53.5208333333333
A. nonstriata,11.1458333333333,51.2708333333333
A. nonstriata,14.7708333333333,56.8541666666667
A. nonstriata,17.5625,59.8541666666667
A. nonstriata,36.2291666666667,51.7291666666667
A. nonstriata,8.60416666666666,53.1875
A. nonstriata,4.8125,52.3541666666667
A. nonstriata,1.10416666666666,49.3958333333333
A. nonstriata,13.3958333333333,55.6875
A. nonstriata,16.8541666666667,56.9791666666667
A. nonstriata,17.1041666666667,60.7291666666667
A. nonstriata,13.8541666666667,57.0625
A. nonstriata,10.8541666666667,59.9375
A. nonstriata,14.9791666666667,59.5208333333333
A. nonstriata,18.1875,59.5625
A. nonstriata,16.6458333333333,56.6875
A. nonstriata,5.9375,51.7708333333333
A. nonstriata,-2.89583333333334,53.3958333333333
A. nonstriata,16.3125,48.1458333333333
A. nonstriata,14.0625,55.9375
A. nonstriata,11.9375,57.6458333333333
A. nonstriata,15.9375,56.7291666666667
A. nonstriata,12.5208333333333,57.9375
A. nonstriata,17.3541666666667,59.6875
A. nonstriata,16.3125,57.2708333333333
A. nonstriata,15.0208333333333,56.7291666666667
A. nonstriata,13.1458333333333,55.5208333333333
A. nonstriata,17.6458333333333,59.6458333333333
A. nonstriata,14.1875,56.0208333333333
A. nonstriata,9.14583333333331,58.7291666666667
A. nonstriata,9.0625,58.7291666666667
A. nonstriata,4.39583333333331,52.1041666666667
A. nonstriata,-3.02083333333334,53.4791666666667
A. nonstriata,17.6875,59.8125
A. nonstriata,17.3958333333333,59.6458333333333
A. nonstriata,13.1458333333333,55.7291666666667
A. nonstriata,7.10416666666666,50.7291666666667
A. nonstriata,9.9375,58.9791666666667
A. nonstriata,-6.27083333333334,56.0625
A. nonstriata,-1.39583333333334,54.0625
A. nonstriata,-0.9375,53.6458333333333
A. nonstriata,15.8958333333333,56.7708333333333
A. nonstriata,16.6041666666667,56.6875
A. nonstriata,5.6875,51.2708333333333
A. nonstriata,5.14583333333331,51.6458333333333
A. nonstriata,5.14583333333331,51.6041666666667
A. nonstriata,4.72916666666666,51.6041666666667
A. nonstriata,6.02083333333331,51.4375
A. nonstriata,5.5625,51.7291666666667
A. nonstriata,4.85416666666666,52.3541666666667
A. nonstriata,3.77083333333331,51.3125
A. nonstriata,5.4375,51.3541666666667
A. nonstriata,5.10416666666666,51.6041666666667
A. nonstriata,4.77083333333331,51.6041666666667
A. nonstriata,5.35416666666666,51.6041666666667
A. nonstriata,6.14583333333331,43.1041666666667
A. nonstriata,5.02083333333331,43.3541666666667
A. nonstriata,6.72916666666666,44.5208333333333
A. nonstriata,-0.770833333333343,45.1875
A. nonstriata,4.0625,51.8541666666667
A. nonstriata,-8.8125,53.0625
A. nonstriata,-1.8125,49.6875
A. nonstriata,10.3541666666667,59.2708333333333
A. nonstriata,11.2291666666667,58.9375
A. nonstriata,11.7708333333333,55.3541666666667
A. nonstriata,-2.52083333333334,42.8958333333333
A. nonstriata,-3.72916666666669,43.4791666666667
A. nonstriata,-2.97916666666669,42.7708333333333
A. nonstriata,-2.64583333333334,42.8541666666667
A. nonstriata,-2.72916666666669,43.0625
A. nonstriata,-2.64583333333334,43.0208333333333
A. nonstriata,-2.4375,42.9375
A. nonstriata,-2.85416666666669,42.6458333333333
A. nonstriata,-1.72916666666669,42.8541666666667
A. nonstriata,-2.5625,42.8958333333333
A. nonstriata,-2.10416666666669,52.4791666666667
A. nonstriata,-2.89583333333334,52.0625
A. nonstriata,-2.97916666666669,52.1041666666667
A. nonstriata,-2.60416666666669,50.8125
A. nonstriata,-1.1875,52.7291666666667
A. nonstriata,0.854166666666657,52.5208333333333
A. nonstriata,-1.02083333333334,52.5208333333333
A. nonstriata,-2.89583333333334,51.0208333333333
A. nonstriata,-2.52083333333334,50.7708333333333
A. nonstriata,-4.77083333333334,51.6875
A. nonstriata,0.3125,52.3125
A. nonstriata,-6.22916666666669,54.6875
A. nonstriata,-2.85416666666669,52.7291666666667
A. nonstriata,-0.854166666666686,54.2708333333333
A. nonstriata,-1.8125,50.7708333333333
A. nonstriata,-0.729166666666686,54.3125
A. nonstriata,-2.9375,52.2708333333333
A. nonstriata,-2.8125,52.0625
A. nonstriata,-2.9375,52.0625
A. nonstriata,-3.0625,52.1875
A. nonstriata,8.4375,53.2291666666667
A. nonstriata,8.5625,52.7708333333333
A. nonstriata,11.1041666666667,50.3541666666667
A. nonstriata,7.27083333333331,53.1875
A. nonstriata,4.64583333333331,52.1458333333333
A. nonstriata,5.22916666666666,45.8541666666667
A. nonstriata,6.64583333333331,48.6458333333333
A. nonstriata,0.6875,42.9375
A. nonstriata,1.4375,49.4375
A. nonstriata,2.72916666666666,48.2708333333333
A. nonstriata,-0.895833333333343,49.1875
A. nonstriata,6.89583333333331,48.3958333333333
A. nonstriata,1.47916666666666,49.4791666666667
A. nonstriata,2.64583333333331,48.4375
A. nonstriata,2.60416666666666,48.3958333333333
A. nonstriata,2.72916666666666,48.4791666666667
A. nonstriata,2.9375,48.3125
A. nonstriata,2.02083333333331,48.8125
A. nonstriata,2.89583333333331,48.8541666666667
A. nonstriata,2.5625,48.5208333333333
A. nonstriata,2.02083333333331,48.7708333333333
A. nonstriata,1.97916666666666,48.7708333333333
A. nonstriata,2.64583333333331,48.8958333333333
A. nonstriata,2.60416666666666,48.5208333333333
A. nonstriata,0.229166666666657,47.1458333333333
A. nonstriata,1.77083333333331,47.3125
A. nonstriata,1.4375,47.6458333333333
A. nonstriata,1.77083333333331,46.7291666666667
A. nonstriata,26.7708333333333,58.3958333333333
A. nonstriata,15.8541666666667,58.6458333333333
A. nonstriata,13.0625,55.6458333333333
A. nonstriata,1.60416666666666,52.7291666666667
A. nonstriata,1.47916666666666,52.6875
A. nonstriata,1.47916666666666,52.7291666666667
A. nonstriata,1.52083333333331,52.7291666666667
A. nonstriata,16.9375,57.1875
A. nonstriata,14.2708333333333,57.5625
A. nonstriata,13.3541666666667,52.5208333333333
A. nonstriata,10.5208333333333,55.0625
A. nonstriata,12.1041666666667,55.1041666666667
A. nonstriata,11.3958333333333,48.3541666666667
A. nonstriata,12.4375,58.4791666666667
A. nonstriata,-5.5625,56.4791666666667
A. nonstriata,-2.77083333333334,53.6875
A. nonstriata,-2.85416666666669,53.8541666666667
A. nonstriata,-5.64583333333334,55.9791666666667
A. nonstriata,-4.9375,51.6041666666667
A. nonstriata,-5.6875,55.9375
A. nonstriata,-5.4375,56.5625
A. nonstriata,-4.22916666666669,51.6458333333333
A. nonstriata,-3.0625,51.4791666666667
A. nonstriata,-2.8125,51.5625
A. nonstriata,-3.8125,51.6458333333333
A. nonstriata,-3.22916666666669,51.4791666666667
A. nonstriata,-3.35416666666669,51.4791666666667
A. nonstriata,-3.8125,51.5625
A. nonstriata,-3.0625,51.5625
A. nonstriata,0.0625,51.3958333333333
A. nonstriata,-1.10416666666669,53.9791666666667
A. nonstriata,4.35416666666666,52.1041666666667
A. nonstriata,6.3125,50.5208333333333
A. nonstriata,5.3125,51.6458333333333
A. nonstriata,5.4375,52.8541666666667
A. nonstriata,6.6875,53.1458333333333
A. nonstriata,4.0625,51.8958333333333
A. nonstriata,5.85416666666666,50.9375
A. nonstriata,6.10416666666666,52.2291666666667
A. nonstriata,6.39583333333331,52.6041666666667
A. nonstriata,6.0625,53.0625
A. nonstriata,4.4375,51.8958333333333
A. nonstriata,6.60416666666666,52.3125
A. nonstriata,4.77083333333331,52.4791666666667
A. nonstriata,16.8541666666667,56.8958333333333
A. nonstriata,16.3541666666667,57.1458333333333
A. nonstriata,12.1458333333333,57.8541666666667
A. nonstriata,16.9375,57.0625
A. nonstriata,18.8125,57.4375
A. nonstriata,16.5208333333333,59.6041666666667
A. nonstriata,17.4791666666667,59.4791666666667
A. nonstriata,14.2291666666667,56.0208333333333
A. nonstriata,14.6875,59.1041666666667
A. nonstriata,18.3958333333333,57.1458333333333
A. nonstriata,17.0625,57.2291666666667
A. nonstriata,16.1458333333333,57.0208333333333
A. nonstriata,14.9375,56.7291666666667
A. nonstriata,-1.4375,50.8125
A. nonstriata,-2.6875,50.7708333333333
A. nonstriata,1.5625,52.7291666666667
A. nonstriata,-2.8125,51.1458333333333
A. nonstriata,0.5625,52.4375
A. nonstriata,-1.85416666666669,50.8541666666667
A. nonstriata,0.229166666666657,53.3958333333333
A. nonstriata,-1.35416666666669,50.8125
A. nonstriata,-1.1875,51.8125
A. nonstriata,0.270833333333314,52.3125
A. nonstriata,-0.9375,51.2708333333333
A. nonstriata,-1.64583333333334,47.7291666666667
A. nonstriata,-2.02083333333334,48.5208333333333
A. nonstriata,2.14583333333331,47.1875
A. nonstriata,2.89583333333331,47.6875
A. nonstriata,2.1875,47.0625
A. nonstriata,2.64583333333331,46.7708333333333
A. nonstriata,2.85416666666666,47.6875
A. nonstriata,1.47916666666666,47.6458333333333
A. nonstriata,2.89583333333331,47.6041666666667
A. nonstriata,2.77083333333331,47.7708333333333
A. nonstriata,2.60416666666666,47.3541666666667
A. nonstriata,2.8125,47.4375
A. nonstriata,1.6875,47.3125
A. nonstriata,2.64583333333331,47.4375
A. nonstriata,-1.9375,50.8541666666667
A. nonstriata,-2.22916666666669,50.8958333333333
A. nonstriata,1.1875,51.3125
A. nonstriata,-2.35416666666669,52.8125
A. nonstriata,-2.35416666666669,53.0208333333333
A. nonstriata,15.6041666666667,58.3958333333333
A. nonstriata,15.8958333333333,56.7291666666667
A. nonstriata,46.6041666666667,54.9791666666667
A. nonstriata,46.6041666666667,54.9375
A. nonstriata,46.5625,55.0208333333333
A. nonstriata,48.0625,52.4375
A. nonstriata,9.0625,57.1041666666667
A. nonstriata,9.39583333333331,41.6875
A. nonstriata,9.39583333333331,41.7291666666667
A. nonstriata,9.39583333333331,41.8958333333333
A. nonstriata,11.0625,59.1458333333333
A. nonstriata,10.2291666666667,56.9375
A. nonstriata,12.8541666666667,47.9791666666667
A. nonstriata,-0.354166666666686,47.6041666666667
A. nonstriata,9.35416666666666,41.5625
A. nonstriata,2.4375,46.7291666666667
A. nonstriata,2.1875,47.2708333333333
A. nonstriata,0.979166666666657,47.4375
A. nonstriata,1.3125,47.9791666666667
A. nonstriata,0.854166666666657,47.0625
A. nonstriata,0.854166666666657,46.9791666666667
A. nonstriata,1.0625,47.4791666666667
A. nonstriata,1.52083333333331,47.6875
A. nonstriata,1.77083333333331,47.5625
A. nonstriata,1.39583333333331,47.9791666666667
A. nonstriata,1.3125,47.1875
A. nonstriata,2.4375,46.7708333333333
A. nonstriata,13.6458333333333,56.9375
A. nonstriata,27.0625,60.6875
A. nonstriata,6.02083333333331,49.5625
A. nonstriata,6.10416666666666,49.6875
A. nonstriata,6.3125,49.6041666666667
A. nonstriata,6.14583333333331,49.5625
A. nonstriata,6.22916666666666,49.7291666666667
A. nonstriata,6.0625,49.6041666666667
A. nonstriata,5.97916666666666,49.6041666666667
A. nonstriata,6.10416666666666,49.5625
A. nonstriata,6.3125,49.6458333333333
A. nonstriata,10.8541666666667,59.4375
A. nonstriata,4.8125,52.3125
A. nonstriata,6.85416666666666,52.1458333333333
A. nonstriata,5.77083333333331,51.6875
A. nonstriata,5.0625,51.9791666666667
A. nonstriata,4.60416666666666,52.3541666666667
A. nonstriata,5.64583333333331,51.9375
A. nonstriata,4.9375,51.8125
A. nonstriata,4.14583333333331,51.9375
A. nonstriata,5.10416666666666,52.1041666666667
A. nonstriata,5.8125,51.7291666666667
A. nonstriata,4.89583333333331,51.6041666666667
A. nonstriata,6.0625,52.3958333333333
A. nonstriata,5.27083333333331,52.1875
A. nonstriata,6.10416666666666,52.7291666666667
A. nonstriata,5.89583333333331,51.8541666666667
A. nonstriata,4.35416666666666,51.8958333333333
A. nonstriata,4.10416666666666,51.9375
A. nonstriata,4.77083333333331,52.9791666666667
A. nonstriata,4.6875,52.9791666666667
A. nonstriata,6.3125,50.9375
A. nonstriata,16.5208333333333,56.6041666666667
A. nonstriata,38.9375,52.8541666666667
A. nonstriata,38.9375,52.7708333333333
A. nonstriata,38.9791666666667,52.8125
A. nonstriata,38.9791666666667,52.8958333333333
A. nonstriata,22.8958333333333,61.6458333333333
A. nonstriata,24.1875,62.5625
A. nonstriata,14.2708333333333,46.6041666666667
A. nonstriata,12.1458333333333,47.7708333333333
A. nonstriata,9.6875,47.4791666666667
A. nonstriata,17.0208333333333,47.9791666666667
A. nonstriata,13.0208333333333,47.8958333333333
A. nonstriata,9.77083333333331,47.5208333333333
A. nonstriata,14.7291666666667,48.2291666666667
A. nonstriata,16.7291666666667,48.2291666666667
A. nonstriata,9.72916666666666,47.4791666666667
A. nonstriata,14.6458333333333,48.2291666666667
A. nonstriata,9.77083333333331,47.5625
A. nonstriata,12.9375,48.0625
A. nonstriata,13.1875,47.9375
A. nonstriata,15.9375,48.3541666666667
A. nonstriata,14.1875,46.6041666666667
A. nonstriata,14.2708333333333,48.3125
A. nonstriata,13.0208333333333,47.7708333333333
A. nonstriata,12.9791666666667,48.0625
A. nonstriata,15.9375,47.1041666666667
A. nonstriata,16.2291666666667,47.9791666666667
A. nonstriata,13.1041666666667,47.8125
A. nonstriata,16.6458333333333,47.8125
A. nonstriata,16.2708333333333,48.1041666666667
A. nonstriata,9.6875,47.5625
A. nonstriata,16.7708333333333,48.0208333333333
A. nonstriata,16.3958333333333,48.3125
A. nonstriata,17.1875,61.2291666666667
A. nonstriata,-1.8125,51.8958333333333
A. nonstriata,-1.97916666666669,51.7708333333333
A. nonstriata,9.85416666666666,57.3125
A. nonstriata,-1.14583333333334,53.9375
A. nonstriata,21.2291666666667,60.8541666666667
A. nonstriata,23.5208333333333,54.8958333333333
A. nonstriata,-1.9375,52.8125
A. nonstriata,-1.9375,52.6458333333333
A. nonstriata,27.8958333333333,62.9791666666667
A. nonstriata,49.1458333333333,55.8125
A. nonstriata,8.89583333333331,50.4375
A. nonstriata,16.1041666666667,56.5625
A. nonstriata,18.1458333333333,59.5625
A. nonstriata,16.5625,56.6041666666667
A. nonstriata,16.4791666666667,56.4375
A. nonstriata,14.7291666666667,56.5208333333333
A. nonstriata,18.7708333333333,59.2708333333333
A. nonstriata,18.8125,59.8541666666667
A. nonstriata,13.8541666666667,57.0208333333333
A. nonstriata,15.1041666666667,59.2708333333333
A. nonstriata,14.8541666666667,59.0208333333333
A. nonstriata,16.5208333333333,59.0208333333333
A. nonstriata,16.6458333333333,56.7291666666667
A. nonstriata,-0.0625,47.2708333333333
A. nonstriata,2.5625,47.8541666666667
A. nonstriata,2.72916666666666,47.7708333333333
A. nonstriata,2.72916666666666,47.7291666666667
A. nonstriata,2.0625,46.9791666666667
A. nonstriata,2.27083333333331,47.4375
A. nonstriata,1.60416666666666,48.1458333333333
A. nonstriata,1.27083333333331,46.8125
A. nonstriata,2.1875,47.2291666666667
A. nonstriata,1.27083333333331,48.0208333333333
A. nonstriata,1.4375,47.6041666666667
A. nonstriata,2.3125,47.8125
A. nonstriata,2.5625,46.8958333333333
A. nonstriata,2.1875,47.1875
A. nonstriata,2.3125,47.8958333333333
A. nonstriata,1.9375,47.2291666666667
A. nonstriata,1.72916666666666,47.7291666666667
A. nonstriata,-1.27083333333334,46.3958333333333
A. nonstriata,1.97916666666666,47.3958333333333
A. nonstriata,1.8125,47.8958333333333
A. nonstriata,-1.02083333333334,48.4375
A. nonstriata,-0.395833333333343,47.9375
A. nonstriata,2.10416666666666,47.6875
A. nonstriata,-0.770833333333343,43.9791666666667
A. nonstriata,5.8125,51.8125
A. nonstriata,4.52083333333331,52.1458333333333
A. nonstriata,4.9375,51.9375
A. nonstriata,4.85416666666666,52.1458333333333
A. nonstriata,3.89583333333331,51.4791666666667
A. nonstriata,6.27083333333331,52.6875
A. nonstriata,4.8125,52.1875
A. nonstriata,5.14583333333331,52.0625
A. nonstriata,5.02083333333331,52.3125
A. nonstriata,5.02083333333331,52.4791666666667
A. nonstriata,6.60416666666666,52.5625
A. nonstriata,4.64583333333331,52.3541666666667
A. nonstriata,20.4791666666667,44.6875
A. nonstriata,6.35416666666666,52.6041666666667
A. nonstriata,4.0625,51.8125
A. nonstriata,5.85416666666666,51.8541666666667
A. nonstriata,4.89583333333331,52.3958333333333
A. nonstriata,6.60416666666666,52.3541666666667
A. nonstriata,4.64583333333331,52.0625
A. nonstriata,6.10416666666666,52.6458333333333
A. nonstriata,5.8125,51.6875
A. nonstriata,4.6875,51.9791666666667
A. nonstriata,6.10416666666666,51.4791666666667
A. nonstriata,6.5625,52.5625
A. nonstriata,5.27083333333331,51.6458333333333
A. nonstriata,6.1875,51.9375
A. nonstriata,19.9375,60.2291666666667
A. nonstriata,24.6041666666667,60.1458333333333
A. nonstriata,27.7291666666667,60.5208333333333
A. nonstriata,5.97916666666666,49.6458333333333
A. nonstriata,6.02083333333331,49.6041666666667
A. nonstriata,1.02083333333331,52.3541666666667
A. nonstriata,0.770833333333314,52.3958333333333
A. nonstriata,1.60416666666666,52.2291666666667
A. nonstriata,1.6875,52.4791666666667
A. nonstriata,0.6875,52.2291666666667
A. nonstriata,1.5625,52.2708333333333
A. nonstriata,1.64583333333331,52.3541666666667
A. nonstriata,0.645833333333314,52.2291666666667
A. nonstriata,0.770833333333314,52.0208333333333
A. nonstriata,1.5625,52.1875
A. nonstriata,1.60416666666666,52.1875
A. nonstriata,1.0625,52.3125
A. nonstriata,0.9375,52.3541666666667
A. nonstriata,-1.4375,52.3958333333333
A. nonstriata,-0.5625,51.3125
A. nonstriata,-1.47916666666669,52.3958333333333
A. nonstriata,-0.604166666666686,51.3125
A. nonstriata,2.39583333333331,49.2708333333333
A. nonstriata,-1.39583333333334,50.9375
A. nonstriata,7.1875,50.8125
A. nonstriata,1.47916666666666,52.7708333333333
A. nonstriata,1.02083333333331,52.4375
A. nonstriata,1.47916666666666,52.6041666666667
A. nonstriata,1.14583333333331,52.3125
A. nonstriata,0.854166666666657,52.4375
A. nonstriata,0.604166666666657,52.6875
A. nonstriata,0.729166666666657,52.5208333333333
A. nonstriata,1.64583333333331,52.7708333333333
A. nonstriata,1.02083333333331,52.5208333333333
A. nonstriata,1.0625,52.8541666666667
A. nonstriata,1.1875,52.7708333333333
A. nonstriata,0.5625,52.5208333333333
A. nonstriata,1.47916666666666,52.5208333333333
A. nonstriata,0.770833333333314,52.9791666666667
A. nonstriata,1.0625,52.9791666666667
A. nonstriata,0.729166666666657,52.4375
A. nonstriata,1.3125,52.6041666666667
A. nonstriata,-5.27083333333334,56.4791666666667
A. nonstriata,-4.35416666666669,51.7291666666667
A. nonstriata,-3.8125,52.1458333333333
A. nonstriata,-5.27083333333334,51.8958333333333
A. nonstriata,-4.6875,52.0625
A. nonstriata,-2.3125,53.1041666666667
A. nonstriata,-1.1875,54.2708333333333
A. nonstriata,10.2708333333333,59.7708333333333
A. nonstriata,17.6041666666667,59.8125
A. nonstriata,16.1041666666667,57.0208333333333
A. nonstriata,12.6458333333333,58.1041666666667
A. nonstriata,15.8541666666667,56.6875
A. nonstriata,14.3125,57.7708333333333
A. nonstriata,5.9375,49.6875
A. nonstriata,13.1875,52.5625
A. nonstriata,5.9375,49.7708333333333
A. nonstriata,13.4791666666667,55.6875
A. nonstriata,16.5625,56.8125
A. nonstriata,13.6041666666667,55.6458333333333
A. nonstriata,14.5625,56.8958333333333
A. nonstriata,16.7291666666667,60.1458333333333
A. nonstriata,14.8541666666667,59.0625
A. nonstriata,13.4375,55.7291666666667
A. nonstriata,15.8958333333333,58.6041666666667
A. nonstriata,13.4375,55.6041666666667
A. nonstriata,10.8541666666667,59.1041666666667
A. nonstriata,-6.02083333333334,53.0625
A. nonstriata,4.97916666666666,51.9375
A. nonstriata,22.1875,58.2708333333333
A. nonstriata,24.8958333333333,60.6458333333333
A. nonstriata,23.5208333333333,61.0625
A. nonstriata,-2.8125,52.5208333333333
A. nonstriata,-3.85416666666669,50.6041666666667
A. nonstriata,5.85416666666666,51.3541666666667
A. nonstriata,5.89583333333331,53.1041666666667
A. nonstriata,6.77083333333331,53.3125
A. nonstriata,4.60416666666666,52.5625
A. nonstriata,4.3125,51.9791666666667
A. nonstriata,4.6875,52.6458333333333
A. nonstriata,7.02083333333331,52.9791666666667
A. nonstriata,4.3125,52.1041666666667
A. nonstriata,5.64583333333331,51.1875
A. nonstriata,4.64583333333331,52.6458333333333
A. nonstriata,6.0625,52.4375
A. nonstriata,4.64583333333331,52.8125
A. nonstriata,3.5625,51.5625
A. nonstriata,4.9375,52.3125
A. nonstriata,6.14583333333331,53.0625
A. nonstriata,6.6875,51.5625
A. nonstriata,5.10416666666666,51.6875
A. nonstriata,4.8125,51.3958333333333
A. nonstriata,5.02083333333331,51.9375
A. nonstriata,6.27083333333331,52.8541666666667
A. nonstriata,5.3125,51.8958333333333
A. nonstriata,5.14583333333331,51.8125
A. nonstriata,4.8125,52.5625
A. nonstriata,6.60416666666666,53.3125
A. nonstriata,4.1875,51.9791666666667
A. nonstriata,5.1875,51.6458333333333
A. nonstriata,5.1875,51.5625
A. nonstriata,4.64583333333331,52.6041666666667
A. nonstriata,5.6875,51.8125
A. nonstriata,4.39583333333331,51.8125
A. nonstriata,5.52083333333331,51.3541666666667
A. nonstriata,5.85416666666666,51.3958333333333
A. nonstriata,6.52083333333331,53.1875
A. nonstriata,5.3125,51.3958333333333
A. nonstriata,5.5625,51.3541666666667
A. nonstriata,5.77083333333331,53.3958333333333
A. nonstriata,6.4375,51.9791666666667
A. nonstriata,6.14583333333331,53.4375
A. nonstriata,4.35416666666666,51.9375
A. nonstriata,4.85416666666666,51.4375
A. nonstriata,6.77083333333331,52.6875
A. nonstriata,4.9375,52.4791666666667
A. nonstriata,5.6875,51.6875
A. nonstriata,6.0625,51.8541666666667
A. nonstriata,4.6875,52.8125
A. nonstriata,4.85416666666666,51.8958333333333
A. nonstriata,5.10416666666666,51.8958333333333
A. nonstriata,5.89583333333331,51.3541666666667
A. nonstriata,5.10416666666666,52.1875
A. nonstriata,6.1875,52.6875
A. nonstriata,6.4375,52.6041666666667
A. nonstriata,6.14583333333331,51.8958333333333
A. nonstriata,4.35416666666666,51.3958333333333
A. nonstriata,5.89583333333331,52.6458333333333
A. nonstriata,4.39583333333331,51.9375
A. nonstriata,6.02083333333331,51.8541666666667
A. nonstriata,5.8125,51.8958333333333
A. nonstriata,5.5625,51.9375
A. nonstriata,5.14583333333331,51.9791666666667
A. nonstriata,6.35416666666666,53.1458333333333
A. nonstriata,6.02083333333331,52.8541666666667
A. nonstriata,5.27083333333331,51.5625
A. nonstriata,5.39583333333331,52.1041666666667
A. nonstriata,6.10416666666666,52.4791666666667
A. nonstriata,4.8125,51.9791666666667
A. nonstriata,6.85416666666666,51.6041666666667
A. nonstriata,5.3125,51.4791666666667
A. nonstriata,5.85416666666666,51.0625
A. nonstriata,4.64583333333331,52.3958333333333
A. nonstriata,6.3125,52.9791666666667
A. nonstriata,5.9375,51.8541666666667
A. nonstriata,5.52083333333331,51.3958333333333
A. nonstriata,5.6875,51.7291666666667
A. nonstriata,5.35416666666666,51.8125
A. nonstriata,5.85416666666666,52.8958333333333
A. nonstriata,4.89583333333331,51.9791666666667
A. nonstriata,5.39583333333331,51.4375
A. nonstriata,5.9375,52.4791666666667
A. nonstriata,4.39583333333331,51.4791666666667
A. nonstriata,5.85416666666666,51.3125
A. nonstriata,6.4375,52.4375
A. nonstriata,4.85416666666666,52.3958333333333
A. nonstriata,4.9375,52.2291666666667
A. nonstriata,6.3125,51.8541666666667
A. nonstriata,4.35416666666666,52.0625
A. nonstriata,4.8125,51.5625
A. nonstriata,5.52083333333331,52.1458333333333
A. nonstriata,5.14583333333331,51.7291666666667
A. nonstriata,4.89583333333331,52.3125
A. nonstriata,4.89583333333331,52.3541666666667
A. nonstriata,5.0625,51.6458333333333
A. nonstriata,5.02083333333331,51.9791666666667
A. nonstriata,5.5625,51.5625
A. nonstriata,5.0625,52.2291666666667
A. nonstriata,5.9375,53.2291666666667
A. nonstriata,5.0625,51.5625
A. nonstriata,6.0625,52.3541666666667
A. nonstriata,6.0625,51.8958333333333
A. nonstriata,6.0625,52.1041666666667
A. nonstriata,5.4375,51.3958333333333
A. nonstriata,5.39583333333331,51.9791666666667
A. nonstriata,6.10416666666666,52.1041666666667
A. nonstriata,5.9375,51.6458333333333
A. nonstriata,5.02083333333331,51.6458333333333
A. nonstriata,3.5625,51.3958333333333
A. nonstriata,5.3125,52.1875
A. nonstriata,28.3541666666667,63.6875
A. nonstriata,24.2708333333333,61.3125
A. nonstriata,23.6875,59.9791666666667
A. nonstriata,23.8541666666667,60.0625
A. nonstriata,23.9375,60.3958333333333
A. nonstriata,24.2291666666667,60.0625
A. nonstriata,24.1875,60.5208333333333
A. nonstriata,24.7291666666667,60.1875
A. nonstriata,5.10416666666666,49.5208333333333
A. nonstriata,6.22916666666666,49.8541666666667
A. nonstriata,6.10416666666666,49.5208333333333
A. nonstriata,6.39583333333331,49.7291666666667
A. nonstriata,5.9375,49.5208333333333
A. nonstriata,6.14583333333331,49.4791666666667
A. nonstriata,6.0625,49.7708333333333
A. nonstriata,6.02083333333331,49.5208333333333
A. nonstriata,5.97916666666666,49.8125
A. nonstriata,6.10416666666666,49.9791666666667
A. nonstriata,6.27083333333331,49.7291666666667
A. nonstriata,5.8125,49.7708333333333
A. nonstriata,-1.10416666666669,44.9791666666667
A. nonstriata,0.0625,43.4791666666667
A. nonstriata,0.8125,45.7291666666667
A. nonstriata,9.39583333333331,41.7708333333333
A. nonstriata,-0.4375,44.9791666666667
A. nonstriata,-0.854166666666686,45.3541666666667
A. nonstriata,-1.0625,45.3958333333333
A. nonstriata,-1.02083333333334,45.3541666666667
A. nonstriata,-0.9375,45.2708333333333
A. nonstriata,-0.854166666666686,45.2291666666667
A. nonstriata,-0.645833333333343,44.6458333333333
A. nonstriata,2.52083333333331,48.7708333333333
A. nonstriata,4.60416666666666,49.9375
A. nonstriata,-2.64583333333334,48.5208333333333
A. nonstriata,2.9375,48.6458333333333
A. nonstriata,17.2291666666667,52.3125
A. nonstriata,1.72916666666666,49.4375
A. nonstriata,1.3125,47.7291666666667
A. nonstriata,2.27083333333331,47.3125
A. nonstriata,2.4375,47.3541666666667
A. nonstriata,2.4375,47.8125
A. nonstriata,2.5625,47.2708333333333
A. nonstriata,2.6875,47.5208333333333
A. nonstriata,2.27083333333331,47.6875
A. nonstriata,1.27083333333331,48.0625
A. nonstriata,1.27083333333331,47.4791666666667
A. nonstriata,1.9375,47.5208333333333
A. nonstriata,2.22916666666666,46.6041666666667
A. nonstriata,2.27083333333331,47.1041666666667
A. nonstriata,1.85416666666666,47.4791666666667
A. nonstriata,2.60416666666666,46.8541666666667
A. nonstriata,2.02083333333331,47.7708333333333
A. nonstriata,2.1875,46.7291666666667
A. nonstriata,1.3125,47.8958333333333
A. nonstriata,0.979166666666657,48.6041666666667
A. nonstriata,2.22916666666666,47.7291666666667
A. nonstriata,2.85416666666666,47.7291666666667
A. nonstriata,2.02083333333331,47.1458333333333
A. nonstriata,2.35416666666666,47.6875
A. nonstriata,2.39583333333331,47.6458333333333
A. nonstriata,1.97916666666666,46.8125
A. nonstriata,2.72916666666666,47.6458333333333
A. nonstriata,2.89583333333331,47.6458333333333
A. nonstriata,2.9375,47.6041666666667
A. nonstriata,1.8125,47.7291666666667
A. nonstriata,2.8125,47.5208333333333
A. nonstriata,0.979166666666657,48.5208333333333
A. nonstriata,1.1875,46.7708333333333
A. nonstriata,2.22916666666666,47.2708333333333
A. nonstriata,0.645833333333314,47.7291666666667
A. nonstriata,2.89583333333331,46.9375
A. nonstriata,2.0625,47.2291666666667
A. nonstriata,2.02083333333331,47.5625
A. nonstriata,2.77083333333331,47.5625
A. nonstriata,0.9375,47.9375
A. nonstriata,2.14583333333331,48.7291666666667
A. nonstriata,5.0625,43.3958333333333
A. nonstriata,-0.5625,47.5625
A. nonstriata,6.8125,44.5625
A. nonstriata,2.6875,48.3958333333333
A. nonstriata,6.64583333333331,48.6041666666667
A. nonstriata,1.52083333333331,49.4791666666667
A. nonstriata,0.6875,42.9791666666667
A. nonstriata,6.9375,48.3958333333333
A. nonstriata,2.3125,46.1875
A. nonstriata,11.7291666666667,48.3541666666667
A. nonstriata,10.3958333333333,47.9375
A. nonstriata,21.7708333333333,60.7291666666667
A. nonstriata,11.1041666666667,48.0625
A. nonstriata,5.9375,51.8125
A. nonstriata,20.5208333333333,54.9791666666667
A. nonstriata,18.1458333333333,59.3125
A. nonstriata,11.0625,59.3125
A. nonstriata,23.4375,59.9791666666667
A. nonstriata,23.8958333333333,60.6875
A. nonstriata,23.5625,61.5625
A. nonstriata,29.7291666666667,62.5625
A. nonstriata,24.1458333333333,61.8541666666667
A. nonstriata,25.6875,61.8958333333333
A. nonstriata,30.3125,61.9791666666667
A. nonstriata,29.3958333333333,61.7291666666667
A. nonstriata,21.6458333333333,60.8958333333333
A. nonstriata,24.7708333333333,62.1875
A. nonstriata,22.4375,60.3958333333333
A. nonstriata,24.9791666666667,60.1458333333333
A. nonstriata,23.1041666666667,60.4791666666667
A. nonstriata,29.9375,62.3958333333333
A. nonstriata,27.6041666666667,62.8958333333333
A. nonstriata,24.4791666666667,58.0625
A. nonstriata,23.9791666666667,60.6875
A. nonstriata,24.3541666666667,61.4375
A. nonstriata,20.2291666666667,60.2291666666667
A. nonstriata,20.1875,60.2291666666667
A. nonstriata,23.4375,59.9375
A. nonstriata,25.1875,60.3541666666667
A. nonstriata,26.1875,60.6041666666667
A. nonstriata,16.3958333333333,56.9375
A. nonstriata,15.1041666666667,56.2291666666667
A. nonstriata,16.0625,59.2708333333333
A. nonstriata,23.6458333333333,59.9791666666667
A. nonstriata,24.6458333333333,60.1875
A. nonstriata,19.8541666666667,60.3958333333333
A. nonstriata,25.3125,60.1875
A. nonstriata,24.6875,60.2291666666667
A. nonstriata,24.9791666666667,60.2708333333333
A. nonstriata,30.1458333333333,60.8125
A. nonstriata,24.8541666666667,60.3541666666667
A. nonstriata,28.5625,61.0625
A. nonstriata,23.1875,59.9375
A. nonstriata,16.4375,61.4375
A. nonstriata,17.6458333333333,59.8125
A. nonstriata,13.2291666666667,58.8125
A. nonstriata,12.5625,56.4375
A. nonstriata,12.7291666666667,56.2291666666667
A. nonstriata,16.4791666666667,58.3125
A. nonstriata,12.0208333333333,57.4375
A. nonstriata,14.6875,58.3541666666667
A. nonstriata,16.1041666666667,58.6041666666667
A. nonstriata,16.8541666666667,56.9375
A. nonstriata,16.7708333333333,59.8958333333333
A. nonstriata,16.6458333333333,56.7708333333333
A. nonstriata,17.6458333333333,59.8958333333333
A. nonstriata,14.3541666666667,56.0625
A. nonstriata,11.8958333333333,57.7708333333333
A. nonstriata,17.8958333333333,59.8958333333333
A. nonstriata,12.1458333333333,57.3958333333333
A. nonstriata,16.8541666666667,57.0625
A. nonstriata,17.3958333333333,59.5625
A. nonstriata,15.0625,59.2708333333333
A. nonstriata,13.2291666666667,56.4375
A. nonstriata,15.4375,59.1458333333333
A. nonstriata,12.3541666666667,56.9375
A. nonstriata,16.4375,57.1458333333333
A. nonstriata,16.5208333333333,56.3125
A. nonstriata,9.85416666666666,59.0208333333333
A. nonstriata,10.9375,59.0625
A. nonstriata,9.85416666666666,59.0625
A. nonstriata,10.3958333333333,59.0625
A. nonstriata,10.5625,59.2291666666667
A. nonstriata,10.6875,59.5208333333333
A. nonstriata,10.9375,59.1875
A. nonstriata,10.4791666666667,59.4375
A. nonstriata,11.6458333333333,59.2708333333333
A. nonstriata,10.6458333333333,59.4791666666667
A. nonstriata,9.64583333333331,58.8958333333333
A. nonstriata,10.4375,59.0625
A. nonstriata,10.7291666666667,59.3125
A. nonstriata,11.0208333333333,59.0208333333333
A. nonstriata,10.0625,59.0208333333333
A. nonstriata,7.9375,51.6041666666667
A. nonstriata,26.3958333333333,57.6041666666667
A. nonstriata,13.3541666666667,54.1458333333333
A. nonstriata,-8.8125,52.7708333333333
A. nonstriata,-8.85416666666669,52.7708333333333
A. nonstriata,-4.3125,52.8958333333333
A. nonstriata,-4.8125,52.0208333333333
A. nonstriata,-4.3125,53.1875
A. nonstriata,-4.3125,53.1041666666667
A. nonstriata,-2.4375,53.2708333333333
A. nonstriata,-4.5625,52.8125
A. nonstriata,-7.97916666666669,53.2291666666667
A. nonstriata,-4.3125,53.2291666666667
A. nonstriata,-3.10416666666669,54.3125
A. nonstriata,-4.35416666666669,53.1875
A. nonstriata,-2.47916666666669,53.2708333333333
A. nonstriata,-2.22916666666669,52.2291666666667
A. nonstriata,1.4375,52.6875
A. nonstriata,-4.22916666666669,53.2291666666667
A. nonstriata,-4.4375,53.4375
A. nonstriata,-4.60416666666669,53.2291666666667
A. nonstriata,-4.35416666666669,53.2291666666667
A. nonstriata,-4.3125,51.6875
A. nonstriata,-0.270833333333343,51.7291666666667
A. nonstriata,-2.8125,53.8541666666667
A. nonstriata,-2.52083333333334,53.5208333333333
A. nonstriata,-2.5625,53.5208333333333
A. nonstriata,-1.60416666666669,50.8541666666667
A. nonstriata,-0.1875,52.4375
A. nonstriata,-4.39583333333334,54.3958333333333
A. nonstriata,-4.52083333333334,53.3541666666667
A. nonstriata,-5.22916666666669,51.8958333333333
A. nonstriata,-2.85416666666669,51.5625
A. nonstriata,-4.60416666666669,53.2708333333333
A. nonstriata,-4.39583333333334,53.2708333333333
A. nonstriata,-4.14583333333334,52.8958333333333
A. nonstriata,-0.9375,51.4375
A. nonstriata,-4.52083333333334,53.2291666666667
A. nonstriata,-5.60416666666669,56.4791666666667
A. nonstriata,9.47916666666666,48.9375
A. nonstriata,9.39583333333331,48.8541666666667
A. nonstriata,10.0625,53.6041666666667
A. nonstriata,8.5625,50.1875
A. nonstriata,10.6875,49.1458333333333
A. nonstriata,10.1041666666667,53.6875
A. nonstriata,8.9375,47.7291666666667
A. nonstriata,6.22916666666666,51.6041666666667
A. nonstriata,14.1875,51.3958333333333
A. nonstriata,10.0208333333333,53.7708333333333
A. nonstriata,10.0625,54.4375
A. nonstriata,9.89583333333331,51.6041666666667
A. nonstriata,7.14583333333331,50.8541666666667
A. nonstriata,9.52083333333331,53.4791666666667
A. nonstriata,10.0208333333333,53.6458333333333
A. nonstriata,6.97916666666666,51.4375
A. nonstriata,8.85416666666666,49.9791666666667
A. nonstriata,10.1875,53.6458333333333
A. nonstriata,6.77083333333331,51.4791666666667
A. nonstriata,-0.395833333333343,51.2708333333333
A. nonstriata,11.5208333333333,48.3125
A. nonstriata,24.1875,59.5625
A. nonstriata,41.3125,59.9375
A. nonstriata,-2.77083333333334,53.3541666666667
A. nonstriata,-2.64583333333334,53.3541666666667
A. nonstriata,1.5625,52.6458333333333
A. nonstriata,-1.64583333333334,53.8125
A. nonstriata,-2.8125,53.3958333333333
A. nonstriata,0.270833333333314,52.5208333333333
A. nonstriata,-3.0625,53.5208333333333
A. nonstriata,-2.52083333333334,53.3958333333333
A. nonstriata,-2.3125,53.4375
A. nonstriata,-2.47916666666669,53.3958333333333
A. nonstriata,-1.89583333333334,52.3125
A. nonstriata,-0.395833333333343,51.3125
A. nonstriata,-4.89583333333334,55.7291666666667
A. nonstriata,-2.52083333333334,53.2708333333333
A. nonstriata,-2.6875,53.4375
A. nonstriata,-0.3125,51.5208333333333
A. nonstriata,-2.85416666666669,53.3958333333333
A. nonstriata,-2.64583333333334,52.9375
A. nonstriata,-0.270833333333343,52.1041666666667
A. nonstriata,-1.10416666666669,51.8958333333333
A. nonstriata,-0.104166666666686,51.6041666666667
A. nonstriata,0.8125,52.5208333333333
A. nonstriata,0.5625,52.7291666666667
A. nonstriata,-5.47916666666669,50.1458333333333
A. nonstriata,-2.52083333333334,53.4375
A. nonstriata,0.0208333333333144,51.4791666666667
A. nonstriata,-0.8125,51.3541666666667
A. nonstriata,-0.770833333333343,54.0208333333333
A. nonstriata,1.4375,52.6041666666667
A. nonstriata,-2.77083333333334,54.1875
A. nonstriata,-3.0625,53.2708333333333
A. nonstriata,-0.520833333333343,50.8958333333333
A. nonstriata,-1.0625,51.7291666666667
A. nonstriata,-0.520833333333343,51.4375
A. nonstriata,-4.22916666666669,54.8541666666667
A. nonstriata,1.1875,52.7291666666667
A. nonstriata,1.22916666666666,52.8125
A. nonstriata,-3.47916666666669,54.7291666666667
A. nonstriata,-0.895833333333343,51.4375
A. nonstriata,-0.520833333333343,51.6041666666667
A. nonstriata,-3.22916666666669,54.9375
A. nonstriata,-2.10416666666669,53.5208333333333
A. nonstriata,-2.72916666666669,53.0625
A. nonstriata,-0.9375,53.8541666666667
A. nonstriata,-0.604166666666686,51.2708333333333
A. nonstriata,0.520833333333314,50.8541666666667
A. nonstriata,-3.02083333333334,53.2708333333333
A. nonstriata,0.0208333333333144,51.5625
A. nonstriata,-3.47916666666669,53.2708333333333
A. nonstriata,1.60416666666666,52.6875
A. nonstriata,0.0208333333333144,51.1041666666667
A. nonstriata,-4.89583333333334,55.6875
A. nonstriata,0.895833333333314,52.4791666666667
A. nonstriata,-0.854166666666686,51.4791666666667
A. nonstriata,-1.14583333333334,52.8958333333333
A. nonstriata,-2.85416666666669,53.3541666666667
A. nonstriata,1.52083333333331,52.6875
A. nonstriata,0.0208333333333144,51.7291666666667
A. nonstriata,1.35416666666666,52.6458333333333
A. nonstriata,-3.5625,54.6041666666667
A. nonstriata,1.39583333333331,51.2708333333333
A. nonstriata,0.9375,50.9375
A. nonstriata,0.4375,51.5208333333333
A. nonstriata,-2.89583333333334,53.2291666666667
A. nonstriata,-4.10416666666669,52.8541666666667
A. nonstriata,-2.22916666666669,53.3125
A. nonstriata,-3.5625,54.5625
A. nonstriata,-0.0625,51.1458333333333
A. nonstriata,-4.89583333333334,50.5625
A. nonstriata,-3.14583333333334,53.3541666666667
A. nonstriata,-2.8125,54.1875
A. nonstriata,1.02083333333331,52.9375
A. nonstriata,-3.9375,52.5625
A. nonstriata,-0.229166666666686,51.8541666666667
A. nonstriata,-1.47916666666669,51.8541666666667
A. nonstriata,1.52083333333331,52.7708333333333
A. nonstriata,-2.72916666666669,53.3125
A. nonstriata,1.5625,52.7708333333333
A. nonstriata,9.27083333333331,45.7708333333333
A. nonstriata,10.8958333333333,51.9791666666667
A. nonstriata,10.8125,48.6458333333333
A. nonstriata,8.6875,49.9375
A. nonstriata,31.5208333333333,49.7291666666667
A. nonstriata,9.9375,59.0208333333333
A. nonstriata,10.9791666666667,59.1875
A. nonstriata,24.0625,54.3541666666667
A. nonstriata,11.6875,59.4375
A. nonstriata,1.0625,45.8125
A. nonstriata,-0.395833333333343,48.7291666666667
A. nonstriata,6.4375,48.3541666666667
A. nonstriata,-1.85416666666669,49.6041666666667
A. nonstriata,-1.14583333333334,49.3541666666667
A. nonstriata,5.85416666666666,49.5208333333333
A. nonstriata,-1.10416666666669,53.5208333333333
A. nonstriata,-0.395833333333343,53.8958333333333
A. nonstriata,-1.10416666666669,53.5625
A. nonstriata,-1.10416666666669,53.4791666666667
A. nonstriata,10.4791666666667,59.8541666666667
A. nonstriata,5.4375,50.8125
A. nonstriata,23.6875,54.8958333333333
A. nonstriata,24.8125,54.8125
A. nonstriata,28.7708333333333,60.7708333333333
A. nonstriata,10.4791666666667,59.3958333333333
A. nonstriata,12.6041666666667,55.6041666666667
A. nonstriata,4.9375,52.3958333333333
A. nonstriata,9.9375,51.5208333333333
A. nonstriata,0.4375,51.5625
A. nonstriata,9.77083333333331,53.1041666666667
A. nonstriata,11.7708333333333,55.5208333333333
A. nonstriata,16.9791666666667,57.1875
A. nonstriata,16.1041666666667,59.7708333333333
A. nonstriata,-1.5625,48.7708333333333
A. nonstriata,-0.395833333333343,48.8125
A. nonstriata,-1.72916666666669,48.1041666666667
A. nonstriata,-1.6875,48.1458333333333
A. nonstriata,9.47916666666666,58.9375
A. nonstriata,11.5625,59.1458333333333
A. nonstriata,-2.89583333333334,52.8958333333333
A. nonstriata,-2.72916666666669,52.7291666666667
A. nonstriata,-2.85416666666669,52.8125
A. nonstriata,-3.0625,52.9375
A. nonstriata,-2.47916666666669,52.5625
A. nonstriata,-3.02083333333334,52.8125
A. nonstriata,-2.6875,52.6875
A. nonstriata,-3.02083333333334,52.6041666666667
A. nonstriata,-2.77083333333334,52.5625
A. nonstriata,-3.0625,52.8125
A. nonstriata,-2.89583333333334,52.4791666666667
A. nonstriata,-2.97916666666669,52.8125
A. nonstriata,-2.97916666666669,52.8541666666667
A. nonstriata,-3.10416666666669,52.8541666666667
A. nonstriata,-7.39583333333334,54.1458333333333
A. nonstriata,-7.5625,54.2291666666667
A. nonstriata,-6.5625,54.6041666666667
A. nonstriata,-7.72916666666669,54.2291666666667
A. nonstriata,-5.64583333333334,54.2708333333333
A. nonstriata,-6.0625,54.0625
A. nonstriata,-6.52083333333334,54.6041666666667
A. nonstriata,-7.60416666666669,54.3541666666667
A. nonstriata,-5.64583333333334,54.6875
A. nonstriata,10.3958333333333,59.1458333333333
A. nonstriata,16.4791666666667,57.3541666666667
A. nonstriata,15.3125,58.3541666666667
A. nonstriata,16.5208333333333,57.7291666666667
A. nonstriata,10.2708333333333,59.7291666666667
A. nonstriata,-4.22916666666669,55.7291666666667
A. nonstriata,-5.35416666666669,55.5625
A. nonstriata,-4.47916666666669,55.9375
A. nonstriata,-5.0625,56.2291666666667
A. nonstriata,-4.27083333333334,55.8958333333333
A. nonstriata,-1.39583333333334,52.7291666666667
A. nonstriata,-2.6875,48.4791666666667
A. nonstriata,10.6875,59.8958333333333
A. nonstriata,26.6875,58.3958333333333
A. nonstriata,22.9375,58.8541666666667
A. nonstriata,22.1875,58.9375
A. nonstriata,27.1875,57.8125
A. nonstriata,22.5625,58.8541666666667
A. nonstriata,25.0208333333333,58.6875
A. nonstriata,27.2291666666667,57.6041666666667
A. nonstriata,26.6458333333333,58.3125
A. nonstriata,23.6875,59.1875
A. nonstriata,24.5625,59.3125
A. nonstriata,11.5208333333333,58.1458333333333
A. nonstriata,13.1458333333333,47.8958333333333
A. nonstriata,12.9791666666667,47.7708333333333
A. nonstriata,13.0625,47.8541666666667
A. nonstriata,13.0208333333333,47.7291666666667
A. nonstriata,13.0625,47.8125
A. nonstriata,24.8541666666667,58.3125
A. nonstriata,26.3125,57.6041666666667
A. nonstriata,26.0625,58.0625
A. nonstriata,26.5208333333333,58.4375
A. nonstriata,24.7708333333333,59.3958333333333
A. nonstriata,26.3125,58.3958333333333
A. nonstriata,24.7708333333333,59.1041666666667
A. nonstriata,26.2291666666667,58.4375
A. nonstriata,24.6458333333333,59.4375
A. nonstriata,24.3541666666667,57.8958333333333
A. nonstriata,26.1458333333333,58.3958333333333
A. nonstriata,26.0625,58.1041666666667
A. nonstriata,-3.39583333333334,51.3958333333333
A. nonstriata,11.9375,48.1041666666667
A. nonstriata,16.8125,59.5625
A. nonstriata,13.4375,55.6875
A. nonstriata,17.0208333333333,59.4791666666667
A. nonstriata,12.1041666666667,57.2291666666667
A. nonstriata,13.3125,55.5625
A. nonstriata,16.3541666666667,59.8541666666667
A. nonstriata,17.0208333333333,57.2291666666667
A. nonstriata,11.3958333333333,48.2291666666667
A. nonstriata,11.4375,48.3541666666667
A. nonstriata,16.8125,59.1041666666667
A. nonstriata,16.6875,56.7708333333333
A. nonstriata,14.0625,56.9375
A. nonstriata,16.8125,59.3958333333333
A. nonstriata,-3.85416666666669,51.6458333333333
A. nonstriata,-4.3125,53.2708333333333
A. nonstriata,-4.02083333333334,52.7291666666667
A. nonstriata,-4.52083333333334,52.8958333333333
A. nonstriata,-5.10416666666669,51.8125
A. nonstriata,-4.1875,52.9375
A. nonstriata,-3.97916666666669,52.6458333333333
A. nonstriata,-3.8125,52.1041666666667
A. nonstriata,-4.10416666666669,52.3541666666667
A. nonstriata,-4.39583333333334,53.1458333333333
A. nonstriata,-4.72916666666669,51.6875
A. nonstriata,-4.10416666666669,52.9375
A. nonstriata,-3.10416666666669,51.5208333333333
A. nonstriata,-4.27083333333334,51.6875
A. nonstriata,-3.35416666666669,52.5625
A. nonstriata,-3.72916666666669,51.5208333333333
A. nonstriata,-4.52083333333334,53.2708333333333
A. nonstriata,-5.3125,51.8958333333333
A. nonstriata,-3.60416666666669,51.7291666666667
A. nonstriata,-4.3125,53.3541666666667
A. nonstriata,-3.35416666666669,52.4375
A. nonstriata,-3.89583333333334,52.5625
A. nonstriata,-4.1875,52.1875
A. nonstriata,-5.02083333333334,51.6458333333333
A. nonstriata,-3.10416666666669,51.4791666666667
A. nonstriata,-4.10416666666669,51.5625
A. nonstriata,-4.1875,51.8125
A. nonstriata,-4.3125,53.1458333333333
A. nonstriata,-4.4375,52.8958333333333
A. nonstriata,-4.72916666666669,51.6458333333333
A. nonstriata,-4.14583333333334,51.5625
A. nonstriata,-4.27083333333334,51.6458333333333
A. nonstriata,-4.85416666666669,51.9791666666667
A. nonstriata,-4.14583333333334,52.8541666666667
A. nonstriata,-4.3125,53.0208333333333
A. nonstriata,-4.0625,52.5208333333333
A. nonstriata,-4.27083333333334,53.3125
A. nonstriata,-4.47916666666669,51.7291666666667
A. nonstriata,-4.0625,52.7291666666667
A. nonstriata,-5.22916666666669,51.8541666666667
A. nonstriata,-3.77083333333334,51.5625
A. nonstriata,-4.1875,53.2291666666667
A. nonstriata,-5.27083333333334,51.9375
A. nonstriata,-2.9375,52.9791666666667
A. nonstriata,-3.5625,52.3541666666667
A. nonstriata,-4.35416666666669,53.1458333333333
A. nonstriata,-3.97916666666669,52.5208333333333
A. nonstriata,-4.97916666666669,51.9791666666667
A. nonstriata,-4.0625,51.5625
A. nonstriata,-4.22916666666669,51.6875
A. nonstriata,-3.02083333333334,51.8541666666667
A. nonstriata,-2.89583333333334,51.6041666666667
A. nonstriata,-4.39583333333334,53.2291666666667
A. nonstriata,-4.8125,51.6458333333333
A. nonstriata,-5.0625,51.9791666666667
A. nonstriata,-4.64583333333334,52.1041666666667
A. nonstriata,-4.02083333333334,52.9375
A. nonstriata,-1.52083333333334,51.4375
A. nonstriata,0.0625,51.1458333333333
A. nonstriata,-4.27083333333334,51.6041666666667
A. nonstriata,-4.5625,52.9375
A. nonstriata,-4.10416666666669,52.6041666666667
A. nonstriata,-4.6875,52.8541666666667
A. nonstriata,-3.85416666666669,52.7291666666667
A. nonstriata,-3.35416666666669,52.2291666666667
A. nonstriata,-4.22916666666669,52.2291666666667
A. nonstriata,-4.72916666666669,52.8541666666667
A. nonstriata,-3.35416666666669,52.1875
A. nonstriata,-3.89583333333334,51.6041666666667
A. nonstriata,-4.5625,53.2291666666667
A. nonstriata,-4.0625,52.3958333333333
A. nonstriata,-4.10416666666669,51.6875
A. nonstriata,-3.97916666666669,52.2708333333333
A. nonstriata,-4.64583333333334,52.0625
A. nonstriata,-3.89583333333334,51.6458333333333
A. nonstriata,-4.22916666666669,51.6041666666667
A. nonstriata,-3.9375,51.6458333333333
A. nonstriata,-3.27083333333334,51.9375
A. nonstriata,-4.35416666666669,53.3541666666667
A. nonstriata,-3.64583333333334,51.4791666666667
A. nonstriata,-3.0625,52.2291666666667
A. nonstriata,-4.64583333333334,53.3125
A. nonstriata,-4.52083333333334,51.7291666666667
A. nonstriata,-4.39583333333334,53.1875
A. nonstriata,-4.4375,53.2291666666667
A. nonstriata,-4.72916666666669,52.7708333333333
A. nonstriata,-3.0625,51.5208333333333
A. nonstriata,-3.97916666666669,52.9375
A. nonstriata,-4.60416666666669,52.8125
A. nonstriata,-3.9375,54.9375
A. nonstriata,-2.85416666666669,51.3125
A. nonstriata,-2.8125,51.4791666666667
A. nonstriata,-2.60416666666669,51.6041666666667
A. nonstriata,-2.8125,51.3958333333333
A. nonstriata,-2.8125,51.4375
A. nonstriata,-3.0625,53.6041666666667
A. nonstriata,-2.85416666666669,53.4791666666667
A. nonstriata,-4.72916666666669,55.6458333333333
A. nonstriata,-3.77083333333334,56.1458333333333
A. nonstriata,-3.02083333333334,54.9375
A. nonstriata,-3.8125,54.8541666666667
A. nonstriata,-3.6875,54.8958333333333
A. nonstriata,-1.3125,51.8125
A. nonstriata,-3.1875,54.6875
A. nonstriata,-3.22916666666669,54.8541666666667
A. nonstriata,-3.1875,54.6458333333333
A. nonstriata,-2.6875,54.7291666666667
A. nonstriata,-3.3125,52.1875
A. nonstriata,-3.72916666666669,52.8958333333333
A. nonstriata,-4.77083333333334,52.8958333333333
A. nonstriata,-3.10416666666669,52.8958333333333
A. nonstriata,-4.14583333333334,52.6041666666667
A. nonstriata,-4.47916666666669,53.1458333333333
A. nonstriata,-4.6875,51.6041666666667
A. nonstriata,1.35416666666666,51.2291666666667
A. nonstriata,0.4375,51.3125
A. nonstriata,0.6875,51.0625
A. nonstriata,1.14583333333331,51.3125
A. nonstriata,1.10416666666666,51.2708333333333
A. nonstriata,0.229166666666657,51.2708333333333
A. nonstriata,1.35416666666666,51.3125
A. nonstriata,1.35416666666666,51.2708333333333
A. nonstriata,0.895833333333314,50.9375
A. nonstriata,0.395833333333314,51.1875
A. nonstriata,0.520833333333314,51.2291666666667
A. nonstriata,1.10416666666666,51.3125
A. nonstriata,0.854166666666657,51.1458333333333
A. nonstriata,0.229166666666657,51.1875
A. nonstriata,0.979166666666657,50.9375
A. nonstriata,-5.52083333333334,56.2291666666667
A. nonstriata,-5.60416666666669,56.3125
A. nonstriata,-5.5625,56.2708333333333
A. nonstriata,-5.47916666666669,56.4375
A. nonstriata,-5.47916666666669,56.5208333333333
A. nonstriata,-5.22916666666669,56.6875
A. nonstriata,-5.5625,56.1041666666667
A. nonstriata,-5.14583333333334,56.6875
A. nonstriata,-5.1875,55.9375
A. nonstriata,-5.47916666666669,56.3541666666667
A. nonstriata,-5.3125,56.6458333333333
A. nonstriata,-5.5625,56.1875
A. nonstriata,-5.60416666666669,56.2708333333333
A. nonstriata,-5.52083333333334,56.3958333333333
A. nonstriata,-5.39583333333334,56.5625
A. nonstriata,-5.5625,56.2291666666667
A. nonstriata,-0.979166666666686,53.6458333333333
A. nonstriata,-5.3125,50.0625
A. nonstriata,-3.3125,54.5625
A. nonstriata,-0.770833333333343,51.1458333333333
A. nonstriata,-3.22916666666669,54.1458333333333
A. nonstriata,-2.9375,54.3541666666667
A. nonstriata,-5.0625,51.6458333333333
A. nonstriata,-5.27083333333334,50.0208333333333
A. nonstriata,-2.0625,50.6458333333333
A. nonstriata,-1.9375,50.6875
A. nonstriata,-1.85416666666669,51.7708333333333
A. nonstriata,1.27083333333331,52.8125
A. nonstriata,-2.0625,50.6041666666667
A. nonstriata,-4.6875,50.6875
A. nonstriata,-0.8125,51.1458333333333
A. nonstriata,0.6875,50.8958333333333
A. nonstriata,-2.6875,50.6875
A. nonstriata,-1.27083333333334,50.6041666666667
A. nonstriata,-3.27083333333334,54.5208333333333
A. nonstriata,-7.4375,54.1875
A. nonstriata,-5.6875,54.7708333333333
A. nonstriata,-2.02083333333334,50.8125
A. nonstriata,-3.1875,50.6875
A. nonstriata,-4.9375,50.5625
A. nonstriata,-4.14583333333334,51.6041666666667
A. nonstriata,-2.64583333333334,50.8125
A. nonstriata,-4.85416666666669,50.6041666666667
A. nonstriata,-0.5625,51.4375
A. nonstriata,0.5625,52.5625
A. nonstriata,-0.4375,53.6041666666667
A. nonstriata,-2.35416666666669,52.7708333333333
A. nonstriata,-3.22916666666669,54.1875
A. nonstriata,-0.270833333333343,52.5625
A. nonstriata,-2.10416666666669,55.0625
A. nonstriata,-2.5625,51.8125
A. nonstriata,-1.52083333333334,50.7708333333333
A. nonstriata,-1.47916666666669,50.8125
A. nonstriata,-2.85416666666669,52.1041666666667
A. nonstriata,-1.77083333333334,51.0625
A. nonstriata,-2.47916666666669,51.9375
A. nonstriata,-4.52083333333334,50.9791666666667
A. nonstriata,0.229166666666657,51.1041666666667
A. nonstriata,-2.39583333333334,53.0208333333333
A. nonstriata,0.0208333333333144,50.8541666666667
A. nonstriata,-1.85416666666669,50.8125
A. nonstriata,-0.3125,52.5625
A. nonstriata,-3.14583333333334,54.6041666666667
A. nonstriata,-0.479166666666686,54.2708333333333
A. nonstriata,-3.0625,54.3541666666667
A. nonstriata,-3.22916666666669,51.7291666666667
A. nonstriata,-3.8125,51.4791666666667
A. nonstriata,-3.64583333333334,51.5625
A. nonstriata,-3.22916666666669,51.3958333333333
A. nonstriata,-3.39583333333334,54.3541666666667
A. nonstriata,-4.10416666666669,51.6458333333333
A. nonstriata,-1.22916666666669,50.8125
A. nonstriata,-1.8125,51.1041666666667
A. nonstriata,-2.9375,51.5625
A. nonstriata,-2.9375,51.7291666666667
A. nonstriata,-0.520833333333343,50.9375
A. nonstriata,-1.47916666666669,50.9375
A. nonstriata,-2.85416666666669,51.1458333333333
A. nonstriata,-0.0625,51.2291666666667
A. nonstriata,-2.9375,51.6458333333333
A. nonstriata,-2.97916666666669,52.0625
A. nonstriata,-1.35416666666669,54.7291666666667
A. nonstriata,-2.8125,52.6041666666667
A. nonstriata,-2.64583333333334,50.7708333333333
A. nonstriata,-5.14583333333334,50.3541666666667
A. nonstriata,-2.9375,51.0208333333333
A. nonstriata,-1.97916666666669,51.7291666666667
A. nonstriata,-2.77083333333334,54.1458333333333
A. nonstriata,-1.14583333333334,51.1041666666667
A. nonstriata,-2.27083333333334,51.8958333333333
A. nonstriata,-0.8125,50.8958333333333
A. nonstriata,-0.0208333333333428,50.8958333333333
A. nonstriata,-0.3125,51.0625
A. nonstriata,-0.270833333333343,50.8958333333333
A. nonstriata,0.229166666666657,50.9375
A. nonstriata,-0.604166666666686,50.9375
A. nonstriata,0.4375,51.0625
A. nonstriata,0.0625,50.9791666666667
A. nonstriata,-0.5625,50.9375
A. nonstriata,-0.354166666666686,50.8125
A. nonstriata,0.0208333333333144,50.9791666666667
A. nonstriata,0.770833333333314,50.9791666666667
A. nonstriata,-0.145833333333343,50.9791666666667
A. nonstriata,0.645833333333314,50.9791666666667
A. nonstriata,0.1875,50.8125
A. nonstriata,-0.354166666666686,51.0625
A. nonstriata,0.520833333333314,50.9375
A. nonstriata,0.0208333333333144,50.9375
A. nonstriata,0.3125,51.0208333333333
A. nonstriata,0.3125,50.8541666666667
A. nonstriata,0.104166666666657,50.9375
A. nonstriata,-0.354166666666686,50.9791666666667
A. nonstriata,-0.895833333333343,53.1041666666667
A. nonstriata,0.3125,52.5625
A. nonstriata,0.854166666666657,52.8125
A. nonstriata,-1.60416666666669,52.2291666666667
A. nonstriata,-1.77083333333334,52.3958333333333
A. nonstriata,0.604166666666657,52.4375
A. nonstriata,0.520833333333314,52.7291666666667
A. nonstriata,0.770833333333314,52.7291666666667
A. nonstriata,1.10416666666666,52.3541666666667
A. nonstriata,0.645833333333314,52.4375
A. nonstriata,0.520833333333314,52.5625
A. nonstriata,1.22916666666666,52.5208333333333
A. nonstriata,-3.27083333333334,52.6458333333333
A. nonstriata,-3.22916666666669,51.9375
A. nonstriata,0.729166666666657,52.8541666666667
A. nonstriata,1.1875,52.6041666666667
A. nonstriata,-3.39583333333334,52.5625
A. nonstriata,-1.6875,52.4375
A. nonstriata,-1.89583333333334,52.4791666666667
A. nonstriata,-3.85416666666669,52.5208333333333
A. nonstriata,0.8125,52.8541666666667
A. nonstriata,-1.97916666666669,52.6041666666667
A. nonstriata,-1.4375,52.3541666666667
A. nonstriata,0.270833333333314,52.3958333333333
A. nonstriata,0.520833333333314,52.9791666666667
A. nonstriata,0.895833333333314,52.3541666666667
A. nonstriata,-1.72916666666669,52.3541666666667
A. nonstriata,-1.77083333333334,52.7291666666667
A. nonstriata,0.9375,52.7291666666667
A. nonstriata,0.604166666666657,52.9791666666667
A. nonstriata,-3.39583333333334,52.2708333333333
A. nonstriata,1.10416666666666,52.6041666666667
A. nonstriata,0.729166666666657,52.7291666666667
A. nonstriata,-2.77083333333334,52.7291666666667
A. nonstriata,-1.60416666666669,52.6458333333333
A. nonstriata,1.02083333333331,52.3958333333333
A. nonstriata,0.395833333333314,52.3125
A. nonstriata,1.22916666666666,52.6041666666667
A. nonstriata,0.8125,52.8125
A. nonstriata,0.354166666666657,52.6041666666667
A. nonstriata,16.5208333333333,58.8958333333333
A. nonstriata,17.6458333333333,59.8541666666667
A. nonstriata,11.8541666666667,57.7708333333333
A. nonstriata,10.2291666666667,60.1458333333333
A. nonstriata,16.8541666666667,60.2708333333333
A. nonstriata,6.14583333333331,52.8541666666667
A. nonstriata,4.89583333333331,51.5625
A. nonstriata,5.89583333333331,51.7291666666667
A. nonstriata,4.77083333333331,52.1041666666667
A. nonstriata,5.8125,52.9375
A. nonstriata,6.27083333333331,53.1875
A. nonstriata,5.35416666666666,52.0625
A. nonstriata,4.8125,51.4791666666667
A. nonstriata,5.89583333333331,51.6458333333333
A. nonstriata,4.64583333333331,51.9791666666667
A. nonstriata,4.64583333333331,51.7291666666667
A. nonstriata,6.02083333333331,52.4791666666667
A. nonstriata,5.9375,51.7291666666667
A. nonstriata,6.8125,53.1875
A. nonstriata,4.6875,53.0625
A. nonstriata,5.1875,52.1875
A. nonstriata,5.85416666666666,51.9375
A. nonstriata,4.6875,52.8958333333333
A. nonstriata,5.89583333333331,52.5625
A. nonstriata,5.89583333333331,51.6875
A. nonstriata,6.5625,52.1875
A. nonstriata,4.3125,51.8958333333333
A. nonstriata,5.02083333333331,51.8125
A. nonstriata,4.35416666666666,52.1458333333333
A. nonstriata,4.89583333333331,52.1458333333333
A. nonstriata,6.02083333333331,51.9375
A. nonstriata,5.4375,51.4375
A. nonstriata,4.4375,51.5625
A. nonstriata,3.89583333333331,51.2291666666667
A. nonstriata,5.4375,51.9375
A. nonstriata,6.10416666666666,52.1875
A. nonstriata,5.10416666666666,51.5625
A. nonstriata,6.52083333333331,52.3125
A. nonstriata,5.64583333333331,53.4375
A. nonstriata,6.02083333333331,52.1875
A. nonstriata,5.6875,51.9791666666667
A. nonstriata,5.4375,53.1875
A. nonstriata,4.8125,53.1041666666667
A. nonstriata,6.02083333333331,53.1875
A. nonstriata,6.5625,52.9375
A. nonstriata,4.85416666666666,52.0625
A. nonstriata,5.0625,52.3125
A. nonstriata,4.3125,51.3958333333333
A. nonstriata,6.27083333333331,52.7291666666667
A. nonstriata,3.64583333333331,51.3125
A. nonstriata,5.60416666666666,51.8958333333333
A. nonstriata,4.39583333333331,52.1458333333333
A. nonstriata,6.5625,52.4791666666667
A. nonstriata,6.64583333333331,52.6041666666667
A. nonstriata,6.64583333333331,52.3958333333333
A. nonstriata,10.5208333333333,59.6875
A. nonstriata,17.3125,60.4791666666667
A. nonstriata,13.8125,55.9791666666667
A. nonstriata,14.1875,55.3958333333333
A. nonstriata,11.8958333333333,57.7291666666667
A. nonstriata,14.8125,58.3125
A. nonstriata,16.5625,56.6458333333333
A. nonstriata,13.6875,56.1041666666667
A. nonstriata,14.7291666666667,56.8958333333333
A. nonstriata,18.5208333333333,60.1875
A. nonstriata,13.6875,55.5625
A. nonstriata,17.7291666666667,60.0625
A. nonstriata,16.1458333333333,56.6458333333333
A. nonstriata,11.8958333333333,57.6875
A. nonstriata,17.3125,60.1458333333333
A. nonstriata,24.3541666666667,54.8125
A. nonstriata,25.2291666666667,60.6875
A. nonstriata,24.9375,61.3125
A. nonstriata,25.0208333333333,54.9791666666667
A. nonstriata,43.7291666666667,56.3958333333333
A. nonstriata,25.5625,54.8958333333333
A. nonstriata,7.52083333333331,52.2291666666667
A. nonstriata,15.0208333333333,59.3125
A. nonstriata,16.2291666666667,59.7291666666667
A. nonstriata,-2.47916666666669,51.4791666666667
A. nonstriata,24.8958333333333,54.7708333333333
A. nonstriata,12.5208333333333,55.6458333333333
A. nonstriata,24.9375,54.8125
A. nonstriata,4.85416666666666,50.4375
A. nonstriata,23.4791666666667,54.8958333333333
A. nonstriata,18.1458333333333,59.4791666666667
A. nonstriata,18.1875,59.3125
A. nonstriata,17.6041666666667,59.1458333333333
A. nonstriata,13.3958333333333,55.8958333333333
A. nonstriata,15.0625,59.3125
A. nonstriata,12.0208333333333,57.6458333333333
A. nonstriata,11.4375,58.3541666666667
A. nonstriata,14.0208333333333,59.0625
A. nonstriata,14.0625,59.0625
A. nonstriata,12.1041666666667,57.6458333333333
A. nonstriata,12.0625,57.6458333333333
A. nonstriata,17.9375,59.1875
A. nonstriata,15.8125,57.3958333333333
A. nonstriata,14.2708333333333,55.9791666666667
A. nonstriata,4.6875,52.0208333333333
A. nonstriata,5.89583333333331,50.7708333333333
A. nonstriata,6.60416666666666,52.2291666666667
A. nonstriata,7.02083333333331,52.2291666666667
A. nonstriata,20.8125,41.1041666666667
A. nonstriata,6.64583333333331,52.3541666666667
A. nonstriata,5.85416666666666,51.1041666666667
A. nonstriata,3.72916666666666,51.6875
A. nonstriata,5.89583333333331,50.8125
A. nonstriata,6.10416666666666,52.5208333333333
A. nonstriata,6.3125,52.1041666666667
A. nonstriata,9.4375,48.9791666666667
A. nonstriata,18.2291666666667,59.5625
A. nonstriata,11.9375,57.4791666666667
A. nonstriata,14.6875,56.6458333333333
A. nonstriata,14.5208333333333,56.1458333333333
A. nonstriata,15.9375,59.3541666666667
A. nonstriata,13.8958333333333,55.4375
A. nonstriata,16.2708333333333,59.5208333333333
A. nonstriata,13.7708333333333,56.1875
A. nonstriata,12.3125,57.0208333333333
A. nonstriata,18.1041666666667,59.2291666666667
A. nonstriata,17.1458333333333,58.8958333333333
A. nonstriata,16.7291666666667,56.7291666666667
A. nonstriata,11.8541666666667,58.6875
A. nonstriata,17.8958333333333,59.1875
A. nonstriata,17.9791666666667,59.4791666666667
A. nonstriata,17.7291666666667,59.4791666666667
A. nonstriata,13.2708333333333,55.5208333333333
A. nonstriata,13.7291666666667,56.1041666666667
A. nonstriata,17.6041666666667,59.0208333333333
A. nonstriata,16.6458333333333,59.5208333333333
A. nonstriata,18.2708333333333,59.4791666666667
A. nonstriata,16.6458333333333,56.8541666666667
A. nonstriata,16.2708333333333,59.4791666666667
A. nonstriata,18.4375,57.3125
A. nonstriata,-1.39583333333334,43.6875
A. nonstriata,-1.3125,43.6875
A. nonstriata,1.85416666666666,48.6875
A. nonstriata,2.10416666666666,48.7291666666667
A. nonstriata,1.8125,48.7291666666667
A. nonstriata,2.02083333333331,48.7291666666667
A. nonstriata,2.10416666666666,48.6458333333333
A. nonstriata,1.6875,48.7291666666667
A. nonstriata,1.89583333333331,48.6458333333333
A. nonstriata,2.22916666666666,47.9791666666667
A. nonstriata,1.8125,48.6458333333333
A. nonstriata,2.0625,48.6875
A. nonstriata,2.10416666666666,48.6875
A. nonstriata,9.47916666666666,42.5208333333333
A. nonstriata,2.97916666666666,48.7708333333333
A. nonstriata,2.85416666666666,48.7708333333333
A. nonstriata,2.9375,48.5625
A. nonstriata,2.72916666666666,48.7708333333333
A. nonstriata,2.8125,48.9375
A. nonstriata,2.77083333333331,48.9375
A. nonstriata,1.97916666666666,48.8125
A. nonstriata,2.72916666666666,48.8125
A. nonstriata,-0.5625,45.2291666666667
A. nonstriata,1.89583333333331,47.9791666666667
A. nonstriata,2.27083333333331,47.8125
A. nonstriata,2.02083333333331,47.9791666666667
A. nonstriata,2.77083333333331,48.8958333333333
A. nonstriata,2.8125,48.2708333333333
A. nonstriata,2.85416666666666,48.3958333333333
A. nonstriata,2.72916666666666,48.1875
A. nonstriata,2.97916666666666,48.4791666666667
A. nonstriata,2.9375,48.5208333333333
A. nonstriata,1.72916666666666,48.7291666666667
A. nonstriata,-2.35416666666669,47.3958333333333
A. nonstriata,0.520833333333314,49.4375
A. nonstriata,3.5625,49.9791666666667
A. nonstriata,0.8125,46.3125
A. nonstriata,-2.02083333333334,47.4375
A. nonstriata,-1.9375,47.5208333333333
A. nonstriata,-1.60416666666669,47.1458333333333
A. nonstriata,-1.27083333333334,44.0208333333333
A. nonstriata,-0.8125,46.3958333333333
A. nonstriata,-2.02083333333334,47.5625
A. nonstriata,-1.85416666666669,47.1875
A. nonstriata,-1.3125,43.9375
A. nonstriata,-0.354166666666686,44.9375
A. nonstriata,1.97916666666666,50.0208333333333
A. nonstriata,-1.1875,44.2291666666667
A. nonstriata,-1.72916666666669,47.1875
A. nonstriata,-1.1875,43.6875
A. nonstriata,-2.02083333333334,47.6875
A. nonstriata,-1.77083333333334,47.0625
A. nonstriata,-0.770833333333343,44.4791666666667
A. nonstriata,-0.9375,47.3541666666667
A. nonstriata,-1.27083333333334,43.8541666666667
A. nonstriata,-0.979166666666686,43.7291666666667
A. nonstriata,3.10416666666666,49.1458333333333
A. nonstriata,-1.8125,47.1875
A. nonstriata,-0.895833333333343,43.7708333333333
A. nonstriata,-1.1875,44.0208333333333
A. nonstriata,-0.1875,43.8541666666667
A. nonstriata,2.14583333333331,48.0625
A. nonstriata,1.97916666666666,47.8958333333333
A. nonstriata,2.02083333333331,47.5208333333333
A. nonstriata,1.97916666666666,47.9791666666667
A. nonstriata,2.52083333333331,49.8541666666667
A. nonstriata,4.0625,49.8541666666667
A. nonstriata,2.35416666666666,48.5208333333333
A. nonstriata,6.85416666666666,48.8958333333333
A. nonstriata,5.60416666666666,48.7708333333333
A. nonstriata,1.5625,48.1458333333333
A. nonstriata,-3.52083333333334,48.7708333333333
A. nonstriata,1.89583333333331,47.8958333333333
A. nonstriata,2.89583333333331,48.1041666666667
A. nonstriata,4.77083333333331,43.5208333333333
A. nonstriata,4.02083333333331,49.8958333333333
A. nonstriata,-2.0625,47.4791666666667
A. nonstriata,1.6875,46.8541666666667
A. nonstriata,6.39583333333331,48.1875
A. nonstriata,5.4375,45.7291666666667
A. nonstriata,5.4375,45.7708333333333
A. nonstriata,5.5625,45.6875
A. nonstriata,1.35416666666666,47.3958333333333
A. nonstriata,2.4375,47.5625
A. nonstriata,1.97916666666666,47.2291666666667
A. nonstriata,2.35416666666666,47.3958333333333
A. nonstriata,2.77083333333331,47.1875
A. nonstriata,2.9375,48.1041666666667
A. nonstriata,2.35416666666666,47.8958333333333
A. nonstriata,2.39583333333331,47.4375
A. nonstriata,1.64583333333331,47.7708333333333
A. nonstriata,2.0625,47.5208333333333
A. nonstriata,2.4375,47.8958333333333
A. nonstriata,2.22916666666666,47.6458333333333
A. nonstriata,2.10416666666666,47.0208333333333
A. nonstriata,1.64583333333331,47.3125
A. nonstriata,2.27083333333331,47.3958333333333
A. nonstriata,1.35416666666666,47.4375
A. nonstriata,2.5625,46.7708333333333
A. nonstriata,1.97916666666666,47.5208333333333
A. nonstriata,2.02083333333331,47.3125
A. nonstriata,2.14583333333331,47.5208333333333
A. nonstriata,2.0625,47.7708333333333
A. nonstriata,1.8125,47.4791666666667
A. nonstriata,2.72916666666666,47.0208333333333
A. nonstriata,2.35416666666666,47.0208333333333
A. nonstriata,1.3125,47.5625
A. nonstriata,2.0625,48.0625
A. nonstriata,1.1875,47.4791666666667
A. nonstriata,1.85416666666666,47.1458333333333
A. nonstriata,2.22916666666666,47.2291666666667
A. nonstriata,1.14583333333331,47.4791666666667
A. nonstriata,1.77083333333331,47.6875
A. nonstriata,2.3125,47.4375
A. nonstriata,1.35416666666666,47.9791666666667
A. nonstriata,2.1875,47.6875
A. nonstriata,2.97916666666666,46.9375
A. nonstriata,1.60416666666666,47.2291666666667
A. nonstriata,1.5625,47.3958333333333
A. nonstriata,2.4375,47.9375
A. nonstriata,2.9375,46.8958333333333
A. nonstriata,2.14583333333331,47.4791666666667
A. nonstriata,2.60416666666666,48.0625
A. nonstriata,1.9375,47.4791666666667
A. nonstriata,2.22916666666666,47.3541666666667
A. nonstriata,2.35416666666666,47.2708333333333
A. nonstriata,1.47916666666666,47.3125
A. nonstriata,2.27083333333331,47.5625
A. nonstriata,2.27083333333331,47.2708333333333
A. nonstriata,1.8125,47.6458333333333
A. nonstriata,2.22916666666666,47.5625
A. nonstriata,2.52083333333331,47.9375
A. nonstriata,2.47916666666666,47.6458333333333
A. nonstriata,1.27083333333331,47.3125
A. nonstriata,1.9375,47.3958333333333
A. nonstriata,2.39583333333331,47.6041666666667
A. nonstriata,2.4375,47.2708333333333
A. nonstriata,1.8125,47.3541666666667
A. nonstriata,2.22916666666666,47.3125
A. nonstriata,2.85416666666666,47.5208333333333
A. nonstriata,1.60416666666666,47.3541666666667
A. nonstriata,2.22916666666666,46.8125
A. nonstriata,2.39583333333331,47.1875
A. nonstriata,2.5625,48.1041666666667
A. nonstriata,-2.22916666666669,48.5208333333333
A. nonstriata,9.39583333333331,58.8958333333333
A. nonstriata,16.3125,60.1875
A. nonstriata,16.7291666666667,60.1875
A. nonstriata,16.5208333333333,60.1875
A. nonstriata,17.8125,60.1458333333333
A. nonstriata,16.4375,58.6458333333333
A. nonstriata,18.3125,59.7708333333333
A. nonstriata,16.6041666666667,57.6875
A. nonstriata,16.3541666666667,59.0625
A. nonstriata,16.5625,56.6875
A. nonstriata,13.4375,51.3541666666667
A. nonstriata,13.4375,51.2708333333333
A. nonstriata,17.1875,59.8541666666667
A. nonstriata,18.0625,59.4791666666667
A. nonstriata,17.1041666666667,58.7291666666667
A. nonstriata,6.10416666666666,52.0625
A. nonstriata,4.3125,52.0625
A. nonstriata,6.4375,52.5208333333333
A. nonstriata,6.1875,51.3541666666667
A. nonstriata,3.5625,51.6041666666667
A. nonstriata,4.77083333333331,52.2708333333333
A. nonstriata,5.9375,51.9791666666667
A. nonstriata,5.72916666666666,51.2708333333333
A. nonstriata,5.97916666666666,51.1875
A. nonstriata,4.60416666666666,52.3125
A. nonstriata,6.72916666666666,51.9791666666667
A. nonstriata,5.10416666666666,51.9791666666667
A. nonstriata,17.8125,59.7291666666667
A. nonstriata,18.6458333333333,59.8541666666667
A. nonstriata,15.5208333333333,58.9375
A. nonstriata,17.9791666666667,59.7291666666667
A. nonstriata,17.8541666666667,59.7291666666667
A. nonstriata,13.6875,57.6875
A. nonstriata,17.1041666666667,59.4791666666667
A. nonstriata,17.9375,59.5625
A. nonstriata,18.0625,59.5208333333333
A. nonstriata,17.5208333333333,60.6458333333333
A. nonstriata,13.4375,55.5625
A. nonstriata,17.7708333333333,59.3125
A. nonstriata,17.8958333333333,59.2708333333333
A. nonstriata,18.1458333333333,59.2708333333333
A. nonstriata,18.0625,59.2291666666667
A. nonstriata,12.8125,55.8958333333333
A. nonstriata,15.9791666666667,56.8125
A. nonstriata,13.2291666666667,55.5625
A. nonstriata,10.1458333333333,59.0208333333333
A. nonstriata,14.8541666666667,58.3958333333333
A. nonstriata,10.4375,59.8125
A. nonstriata,9.85416666666666,59.2291666666667
A. nonstriata,10.6875,59.3541666666667
A. nonstriata,10.3125,59.0625
A. nonstriata,10.1875,59.0208333333333
A. nonstriata,10.8541666666667,59.0625
A. nonstriata,11.0208333333333,59.1875
A. nonstriata,10.8541666666667,59.2708333333333
A. nonstriata,10.6875,59.4791666666667
A. nonstriata,10.6458333333333,59.4375
A. nonstriata,16.0625,56.9791666666667
A. nonstriata,10.0208333333333,58.9791666666667
A. nonstriata,10.0625,54.2708333333333
A. nonstriata,9.14583333333331,49.0625
A. nonstriata,8.02083333333331,53.1875
A. nonstriata,7.1875,52.1875
A. nonstriata,11.6041666666667,53.0208333333333
A. nonstriata,10.3125,47.7708333333333
A. nonstriata,12.1875,54.1875
A. nonstriata,7.1875,50.8958333333333
A. nonstriata,8.3125,49.9791666666667
A. nonstriata,10.6875,49.1875
A. nonstriata,8.52083333333331,50.1875
A. nonstriata,8.89583333333331,50.1041666666667
A. nonstriata,7.14583333333331,50.9375
A. nonstriata,8.4375,50.0625
A. nonstriata,17.8958333333333,59.3541666666667
A. nonstriata,0.8125,51.5625
A. nonstriata,16.9791666666667,57.2291666666667
A. nonstriata,14.2708333333333,57.7708333333333
A. nonstriata,11.6041666666667,58.4375
A. nonstriata,11.4375,58.1875
A. nonstriata,14.7708333333333,58.3125
A. nonstriata,15.0208333333333,59.1041666666667
A. nonstriata,12.8125,56.6458333333333
A. nonstriata,15.7708333333333,60.6041666666667
A. nonstriata,18.2291666666667,59.2291666666667
A. nonstriata,17.3541666666667,59.5625
A. nonstriata,16.3125,59.0208333333333
A. nonstriata,15.2708333333333,59.2708333333333
A. nonstriata,11.7708333333333,57.6041666666667
A. nonstriata,16.3958333333333,59.4791666666667
A. nonstriata,17.3541666666667,59.6458333333333
A. nonstriata,18.7291666666667,60.2291666666667
A. nonstriata,16.7708333333333,59.1041666666667
A. nonstriata,17.0208333333333,58.3125
A. nonstriata,17.0625,57.3125
A. nonstriata,15.6041666666667,58.3541666666667
A. nonstriata,16.3958333333333,59.0625
A. nonstriata,11.3958333333333,49.3541666666667
A. nonstriata,10.8958333333333,51.9375
A. nonstriata,18.9375,59.7291666666667
A. nonstriata,15.8541666666667,56.7291666666667
A. nonstriata,16.4375,60.4375
A. nonstriata,17.0208333333333,61.2708333333333
A. nonstriata,17.0625,60.7708333333333
A. nonstriata,16.3125,59.9375
A. nonstriata,15.8541666666667,58.6875
A. nonstriata,18.7291666666667,57.4375
A. nonstriata,13.1875,55.7291666666667
A. nonstriata,18.7708333333333,59.7291666666667
A. nonstriata,16.0625,59.6875
A. nonstriata,17.2291666666667,60.4375
A. nonstriata,17.3125,59.3958333333333
A. nonstriata,17.2708333333333,60.4375
A. nonstriata,16.8541666666667,59.3541666666667
A. nonstriata,17.0208333333333,59.4375
A. nonstriata,15.4791666666667,59.3125
A. nonstriata,17.0208333333333,58.7708333333333
A. nonstriata,25.1041666666667,60.2291666666667
A. nonstriata,18.7708333333333,42.4375
A. nonstriata,14.6458333333333,59.6458333333333
A. nonstriata,17.7708333333333,59.4791666666667
A. nonstriata,16.4791666666667,57.5625
A. nonstriata,16.8958333333333,60.2708333333333
A. nonstriata,11.2708333333333,58.9375
A. nonstriata,15.3958333333333,59.3125
A. nonstriata,23.7291666666667,61.3125
A. nonstriata,20.0625,60.1875
A. nonstriata,28.7291666666667,61.2291666666667
A. nonstriata,24.7708333333333,60.2708333333333
A. nonstriata,27.8541666666667,62.1458333333333
A. nonstriata,24.7708333333333,60.1458333333333
A. nonstriata,22.3958333333333,60.3958333333333
A. nonstriata,24.6875,60.1875
A. nonstriata,28.7708333333333,61.1875
A. nonstriata,26.1458333333333,61.6041666666667
A. nonstriata,24.6041666666667,60.2291666666667
A. nonstriata,24.8541666666667,60.3125
A. nonstriata,24.7291666666667,60.1458333333333
A. nonstriata,28.3125,60.8541666666667
A. nonstriata,21.7291666666667,61.8125
A. nonstriata,24.1041666666667,61.2291666666667
A. nonstriata,26.8958333333333,60.5208333333333
A. nonstriata,23.5625,60.9375
A. nonstriata,23.6041666666667,60.8541666666667
A. nonstriata,24.5625,60.0625
A. nonstriata,23.8125,60.6041666666667
A. nonstriata,23.8125,61.3125
A. nonstriata,22.3125,60.4791666666667
A. nonstriata,27.1875,60.5625
A. nonstriata,27.2708333333333,60.5208333333333
A. nonstriata,26.9791666666667,60.5625
A. nonstriata,27.6458333333333,60.5208333333333
A. nonstriata,28.8125,61.2291666666667
A. nonstriata,29.7291666666667,62.6041666666667
A. nonstriata,23.1458333333333,60.0208333333333
A. nonstriata,17.4375,60.5208333333333
A. nonstriata,15.4791666666667,60.1458333333333
A. nonstriata,-5.5625,55.9375
A. nonstriata,10.5625,59.8541666666667
A. nonstriata,6.5625,52.6458333333333
A. nonstriata,6.10416666666666,49.4791666666667
A. nonstriata,6.27083333333331,49.7708333333333
A. nonstriata,7.47916666666666,52.6875
A. nonstriata,13.9791666666667,59.0625
A. nonstriata,17.0625,59.2708333333333
A. nonstriata,12.0208333333333,57.6875
A. nonstriata,17.0208333333333,57.3125
A. nonstriata,17.6458333333333,59.1875
A. nonstriata,11.7708333333333,57.6458333333333
A. nonstriata,15.6458333333333,58.3958333333333
A. nonstriata,13.7708333333333,53.5625
A. nonstriata,9.85416666666666,58.9791666666667
A. nonstriata,5.27083333333331,60.5625
A. nonstriata,10.7291666666667,59.4375
A. nonstriata,17.0625,58.8125
A. nonstriata,16.8958333333333,59.5208333333333
A. nonstriata,16.0625,58.5625
A. nonstriata,16.8541666666667,57.0208333333333
A. nonstriata,13.3958333333333,55.5625
A. nonstriata,16.6458333333333,56.8125
A. nonstriata,10.8125,59.6875
A. nonstriata,8.85416666666666,58.4791666666667
A. nonstriata,10.6875,59.8125
A. nonstriata,10.8958333333333,59.7708333333333
A. nonstriata,16.1875,58.6041666666667
A. nonstriata,18.2291666666667,60.3541666666667
A. nonstriata,14.2291666666667,55.8541666666667
A. nonstriata,17.8958333333333,59.5625
A. nonstriata,13.1041666666667,55.5625
A. nonstriata,12.6041666666667,56.8125
A. nonstriata,10.7708333333333,59.3958333333333
A. nonstriata,17.3958333333333,53.4375
A. nonstriata,17.3125,53.4375
A. nonstriata,18.1458333333333,53.1875
A. nonstriata,17.3125,53.4791666666667
A. nonstriata,17.3541666666667,53.4375
A. nonstriata,23.6458333333333,52.7291666666667
A. nonstriata,17.8958333333333,59.8541666666667
A. nonstriata,12.3125,57.1041666666667
A. nonstriata,7.27083333333331,51.4375
A. nonstriata,12.5208333333333,51.5208333333333
A. nonstriata,15.1041666666667,57.3958333333333
A. nonstriata,17.8958333333333,60.1458333333333
A. nonstriata,12.8541666666667,56.6458333333333
A. nonstriata,14.1458333333333,56.1041666666667
A. nonstriata,17.8541666666667,58.7291666666667
A. nonstriata,15.1875,59.2708333333333
A. nonstriata,12.9375,56.6041666666667
A. nonstriata,16.9375,59.1041666666667
A. nonstriata,17.8958333333333,59.4375
A. nonstriata,15.8541666666667,56.6041666666667
A. nonstriata,14.5625,46.1041666666667
A. nonstriata,16.1041666666667,46.6458333333333
A. nonstriata,14.3125,45.8125
A. nonstriata,14.4375,46.0208333333333
A. nonstriata,14.4375,45.7291666666667
A. nonstriata,16.6458333333333,46.4375
A. nonstriata,14.9375,46.0208333333333
A. nonstriata,14.5625,46.0208333333333
A. nonstriata,15.7291666666667,46.4791666666667
A. nonstriata,15.9791666666667,46.6458333333333
A. nonstriata,15.0625,46.2708333333333
A. nonstriata,15.8541666666667,46.6458333333333
A. nonstriata,15.7291666666667,46.7291666666667
A. nonstriata,14.6875,45.8125
A. nonstriata,14.6875,45.9375
A. nonstriata,16.2291666666667,46.8125
A. nonstriata,16.3541666666667,46.6458333333333
A. nonstriata,16.5208333333333,46.5625
A. nonstriata,16.3541666666667,46.5625
A. nonstriata,16.1041666666667,46.8125
A. nonstriata,16.2291666666667,46.6458333333333
A. nonstriata,14.4375,46.1041666666667
A. nonstriata,13.6458333333333,45.8958333333333
A. nonstriata,10.9375,53.2291666666667
A. nonstriata,12.2708333333333,51.8541666666667
A. nonstriata,8.85416666666666,49.8541666666667
A. nonstriata,4.8125,53.0625
A. nonstriata,17.6458333333333,59.7708333333333
A. nonstriata,12.2708333333333,57.4375
A. nonstriata,15.8958333333333,56.8125
A. nonstriata,13.3958333333333,55.7291666666667
A. nonstriata,15.8958333333333,59.1875
A. nonstriata,17.2708333333333,59.8125
A. nonstriata,13.1041666666667,56.6875
A. nonstriata,17.6875,59.9375
A. nonstriata,16.3958333333333,56.2291666666667
A. nonstriata,11.9375,57.6875
A. nonstriata,15.3958333333333,59.1875
A. nonstriata,13.1458333333333,55.6875
A. nonstriata,18.5208333333333,59.3125
A. nonstriata,16.6458333333333,57.6875
A. nonstriata,18.8958333333333,64.8125
A. nonstriata,17.7291666666667,59.7291666666667
A. nonstriata,12.8958333333333,56.6041666666667
A. nonstriata,14.2291666666667,59.4791666666667
A. nonstriata,14.2708333333333,57.8125
A. nonstriata,14.2708333333333,56.0208333333333
A. nonstriata,16.9791666666667,59.5208333333333
A. nonstriata,17.3125,60.5208333333333
A. nonstriata,17.4375,60.5625
A. nonstriata,14.7291666666667,58.3541666666667
A. nonstriata,16.8125,58.6458333333333
A. nonstriata,17.1875,60.2708333333333
A. nonstriata,18.1041666666667,59.5625
A. nonstriata,14.8541666666667,56.1458333333333
A. nonstriata,15.1875,56.6875
A. nonstriata,13.4375,59.3541666666667
A. nonstriata,17.3541666666667,59.8958333333333
A. nonstriata,16.4791666666667,56.2291666666667
A. nonstriata,11.6041666666667,57.9791666666667
A. nonstriata,14.5625,56.7708333333333
A. nonstriata,18.6041666666667,59.3125
A. nonstriata,18.4791666666667,59.8541666666667
A. nonstriata,18.8958333333333,59.7708333333333
A. nonstriata,11.4791666666667,58.4375
A. nonstriata,17.3958333333333,59.6875
A. nonstriata,14.0625,57.1875
A. nonstriata,18.1041666666667,59.8541666666667
A. nonstriata,11.0625,58.8125
A. nonstriata,16.8125,60.2708333333333
A. nonstriata,16.8541666666667,60.2291666666667
A. nonstriata,18.1875,59.3541666666667
A. nonstriata,17.6041666666667,59.7708333333333
A. nonstriata,15.7291666666667,58.8958333333333
A. nonstriata,14.6875,56.3541666666667
A. nonstriata,14.7291666666667,56.3125
A. nonstriata,17.0208333333333,60.7708333333333
A. nonstriata,16.3958333333333,58.6041666666667
A. nonstriata,13.7291666666667,58.4791666666667
A. nonstriata,18.6458333333333,57.2708333333333
A. nonstriata,17.9375,60.2708333333333
A. nonstriata,11.6041666666667,57.8958333333333
A. nonstriata,12.6875,56.6875
A. nonstriata,18.8958333333333,59.7291666666667
A. nonstriata,13.4791666666667,58.3541666666667
A. nonstriata,13.3125,55.5208333333333
A. nonstriata,13.5625,55.6875
A. nonstriata,17.6458333333333,59.4375
A. nonstriata,16.8958333333333,59.1458333333333
A. nonstriata,16.9791666666667,59.1041666666667
A. nonstriata,17.0208333333333,59.5625
A. nonstriata,18.7291666666667,57.4791666666667
A. nonstriata,13.6875,56.1458333333333
A. nonstriata,12.8958333333333,55.3958333333333
A. nonstriata,13.5625,55.6458333333333
A. nonstriata,13.6041666666667,55.6875
A. nonstriata,13.7708333333333,57.0625
A. nonstriata,15.9375,56.8125
A. nonstriata,16.9791666666667,59.3125
A. nonstriata,17.4375,59.8125
A. nonstriata,18.2291666666667,57.2708333333333
A. nonstriata,18.6875,57.4375
A. nonstriata,15.6875,58.3125
A. nonstriata,15.6875,59.3125
A. nonstriata,16.5208333333333,59.5208333333333
A. nonstriata,16.9791666666667,60.7708333333333
A. nonstriata,16.7708333333333,60.2291666666667
A. nonstriata,16.7708333333333,60.1875
A. nonstriata,16.4375,56.8958333333333
A. nonstriata,15.8125,59.3958333333333
A. nonstriata,18.6875,59.8541666666667
A. nonstriata,18.1875,59.8958333333333
A. nonstriata,18.3125,58.9375
A. nonstriata,11.0625,58.8541666666667
A. nonstriata,11.1458333333333,58.8541666666667
A. nonstriata,17.3125,60.4375
A. nonstriata,17.4791666666667,59.6458333333333
A. nonstriata,12.7291666666667,56.6458333333333
A. nonstriata,16.6041666666667,56.7708333333333
A. nonstriata,14.1875,55.6875
A. nonstriata,15.3541666666667,56.3125
A. nonstriata,15.4375,56.2291666666667
A. nonstriata,17.6458333333333,59.3958333333333
A. nonstriata,13.1458333333333,58.4791666666667
A. nonstriata,14.2291666666667,56.1041666666667
A. nonstriata,17.9791666666667,59.8541666666667
A. nonstriata,17.6458333333333,59.7291666666667
A. nonstriata,16.0208333333333,58.6458333333333
A. nonstriata,15.5208333333333,58.4791666666667
A. nonstriata,17.5625,58.8541666666667
A. nonstriata,12.4791666666667,56.2708333333333
A. nonstriata,18.6875,64.6041666666667
A. nonstriata,17.9791666666667,57.2708333333333
A. nonstriata,15.1875,56.2291666666667
A. nonstriata,15.8125,59.1875
A. nonstriata,18.0208333333333,59.8541666666667
A. nonstriata,18.3125,59.2291666666667
A. nonstriata,18.2291666666667,59.2708333333333
A. nonstriata,18.1875,59.5208333333333
A. nonstriata,17.7291666666667,59.6458333333333
A. nonstriata,17.8541666666667,59.2291666666667
A. nonstriata,13.6875,55.9791666666667
A. nonstriata,17.8958333333333,59.3125
A. nonstriata,13.5208333333333,55.8958333333333
A. nonstriata,16.6041666666667,56.8125
A. nonstriata,13.4375,55.8958333333333
A. nonstriata,14.0625,55.6458333333333
A. nonstriata,17.5208333333333,59.5208333333333
A. nonstriata,13.5625,58.3125
A. nonstriata,17.1041666666667,58.9375
A. nonstriata,17.1458333333333,58.9375
A. nonstriata,15.2291666666667,59.2708333333333
A. nonstriata,17.1875,60.7708333333333
A. nonstriata,16.8125,56.9375
A. nonstriata,16.4375,56.2291666666667
A. nonstriata,16.1875,57.0625
A. nonstriata,17.7291666666667,59.3541666666667
A. nonstriata,18.3541666666667,59.1875
A. nonstriata,17.5625,59.7291666666667
A. nonstriata,18.7291666666667,59.6458333333333
A. nonstriata,12.0208333333333,57.8958333333333
A. nonstriata,18.0208333333333,59.4791666666667
A. nonstriata,18.2708333333333,59.2708333333333
A. nonstriata,18.1458333333333,59.3541666666667
A. nonstriata,18.0625,59.3541666666667
A. nonstriata,18.3125,59.5208333333333
A. nonstriata,17.5625,59.3125
A. nonstriata,17.1875,59.2708333333333
A. nonstriata,17.4375,60.6041666666667
A. nonstriata,18.8958333333333,59.3958333333333
A. nonstriata,17.8958333333333,60.3958333333333
A. nonstriata,18.1041666666667,59.4375
A. nonstriata,17.0208333333333,60.2708333333333
A. nonstriata,16.3125,59.4791666666667
A. nonstriata,18.4375,59.7291666666667
A. nonstriata,15.4375,56.3958333333333
A. nonstriata,17.8125,59.6041666666667
A. nonstriata,17.7708333333333,59.6041666666667
A. nonstriata,17.8541666666667,59.4375
A. nonstriata,11.9375,57.7708333333333
A. nonstriata,18.0208333333333,60.5208333333333
A. nonstriata,14.3541666666667,56.0208333333333
A. nonstriata,16.2291666666667,56.8541666666667
A. nonstriata,18.1458333333333,57.4375
A. nonstriata,12.8125,55.3958333333333
A. nonstriata,17.7708333333333,59.9375
A. nonstriata,14.2291666666667,55.9791666666667
A. nonstriata,18.3541666666667,60.0208333333333
A. nonstriata,9.27083333333331,45.8125
A. nonstriata,10.3958333333333,59.1041666666667
A. nonstriata,11.5208333333333,53.0625
A. nonstriata,7.22916666666666,51.5208333333333
A. nonstriata,3.9375,51.0625
A. nonstriata,3.8125,51.0625
A. nonstriata,3.6875,51.1458333333333
A. nonstriata,8.35416666666666,52.1875
A. nonstriata,16.8958333333333,60.1458333333333
A. nonstriata,16.9375,60.2291666666667
A. nonstriata,17.4375,60.1875
A. nonstriata,15.9375,59.3958333333333
A. nonstriata,18.2291666666667,60.0625
A. nonstriata,-9.52083333333334,52.0208333333333
A. nonstriata,-9.60416666666669,52.0625
A. nonstriata,11.6041666666667,57.7708333333333
A. nonstriata,12.8958333333333,56.4375
A. nonstriata,17.8541666666667,58.9791666666667
A. nonstriata,16.2291666666667,59.4791666666667
A. nonstriata,12.3125,57.8125
A. nonstriata,17.4791666666667,59.6875
A. nonstriata,16.9791666666667,58.9791666666667
A. nonstriata,16.0625,59.1041666666667
A. nonstriata,14.1875,55.9791666666667
A. nonstriata,17.0208333333333,59.5208333333333
A. nonstriata,16.7291666666667,58.7708333333333
A. nonstriata,9.6875,59.0208333333333
A. nonstriata,9.64583333333331,58.9791666666667
A. nonstriata,8.72916666666666,58.4375
A. nonstriata,11.5208333333333,59.6041666666667
A. nonstriata,10.6041666666667,59.4375
A. nonstriata,16.3541666666667,56.7291666666667
A. nonstriata,15.8541666666667,56.8958333333333
A. nonstriata,7.02083333333331,50.9791666666667
A. nonstriata,6.02083333333331,51.9791666666667
