x,y,species cloglog values
1.0,1.0,0.026426753
2.0,2.0,0.002079397
3.0,3.0,4.600139E-4
4.0,4.0,0.69872713
5.0,5.0,0.39614126
6.0,6.0,0.0044985088
7.0,7.0,0.2882994
8.0,8.0,4.6531326E-4
9.0,9.0,9.149157E-4
10.0,10.0,0.16713585
11.0,11.0,0.0025376622
12.0,12.0,0.56250536
13.0,13.0,4.7350605E-4
14.0,14.0,0.0022776527
15.0,15.0,0.0014976931
16.0,16.0,0.2096234
17.0,17.0,0.39477417
18.0,18.0,4.9348833E-4
19.0,19.0,0.1085216
20.0,20.0,0.06273708
21.0,21.0,4.921085E-4
22.0,22.0,0.15076552
23.0,23.0,0.58133835
24.0,24.0,0.03180663
25.0,25.0,0.15357427
26.0,26.0,0.004819421
27.0,27.0,0.0014793163
28.0,28.0,0.014606445
29.0,29.0,0.029489154
30.0,30.0,0.70949495
31.0,31.0,4.7895056E-4
32.0,32.0,5.709171E-4
33.0,33.0,0.0014296919
34.0,34.0,0.0018415772
35.0,35.0,0.015713304
36.0,36.0,0.005703064
37.0,37.0,0.08780697
38.0,38.0,4.8365965E-4
39.0,39.0,0.010650718
40.0,40.0,0.0035778456
41.0,41.0,0.005383468
42.0,42.0,0.0059596626
43.0,43.0,0.003420557
44.0,44.0,0.0042866385
45.0,45.0,0.0039229617
46.0,46.0,0.0024051208
47.0,47.0,4.8792324E-4
48.0,48.0,0.0020967827
49.0,49.0,0.0048954333
50.0,50.0,0.0057391333
51.0,51.0,0.09875176
52.0,52.0,0.034503054
53.0,53.0,0.57999593
54.0,54.0,0.25462455
55.0,55.0,0.036090616
56.0,56.0,0.16784404
57.0,57.0,0.03637782
58.0,58.0,0.14439435
59.0,59.0,0.005035635
60.0,60.0,0.0051332787
61.0,61.0,0.0019403396
62.0,62.0,0.61830175
63.0,63.0,0.004326329
64.0,64.0,0.47241354
65.0,65.0,0.7002186
66.0,66.0,0.35606948
67.0,67.0,0.0011665195
68.0,68.0,0.59639513
69.0,69.0,0.03631093
70.0,70.0,0.0015266897
71.0,71.0,0.0013982792
72.0,72.0,0.0014981391
73.0,73.0,0.0015019089
74.0,74.0,0.65941566
75.0,75.0,0.10064122
76.0,76.0,0.0017302715
77.0,77.0,0.0014959946
78.0,78.0,0.5661803
79.0,79.0,0.25590262
80.0,80.0,0.010464424
81.0,81.0,0.0010401667
82.0,82.0,5.325522E-4
83.0,83.0,0.015528898
84.0,84.0,0.005709868
85.0,85.0,0.015857076
86.0,86.0,0.70721066
87.0,87.0,5.030847E-4
88.0,88.0,4.4295465E-4
89.0,89.0,0.01588416
90.0,90.0,5.111144E-4
91.0,91.0,0.0014907828
92.0,92.0,7.300005E-4
93.0,93.0,0.002218518
94.0,94.0,0.0016085119
95.0,95.0,0.004863245
96.0,96.0,0.62523645
97.0,97.0,0.0012679591
98.0,98.0,5.65894E-4
99.0,99.0,5.043207E-4
100.0,100.0,0.149254
101.0,101.0,0.010957258
102.0,102.0,0.0022327001
103.0,103.0,0.0016019008
104.0,104.0,0.6538525
105.0,105.0,0.013622868
106.0,106.0,0.0013395163
107.0,107.0,0.04719103
108.0,108.0,0.6940655
109.0,109.0,0.027080284
110.0,110.0,0.013041676
111.0,111.0,0.005497825
112.0,112.0,0.0020105776
113.0,113.0,0.6323449
114.0,114.0,0.0014117362
115.0,115.0,0.35847652
116.0,116.0,3.342438E-4
117.0,117.0,3.3549615E-4
118.0,118.0,0.016950829
119.0,119.0,0.022785597
120.0,120.0,0.33371913
121.0,121.0,0.0014600909
122.0,122.0,0.17610462
123.0,123.0,0.0033228432
124.0,124.0,0.0012468338
125.0,125.0,0.49199718
126.0,126.0,0.0020677634
127.0,127.0,0.6955649
128.0,128.0,0.2119662
129.0,129.0,0.04727651
130.0,130.0,0.00575902
131.0,131.0,4.1311607E-4
132.0,132.0,0.035594445
133.0,133.0,4.905665E-4
134.0,134.0,0.002034374
135.0,135.0,0.0038088907
136.0,136.0,0.3355098
137.0,137.0,0.003213529
138.0,138.0,0.19492282
139.0,139.0,0.005147637
140.0,140.0,4.8317114E-4
141.0,141.0,0.59656304
142.0,142.0,0.62705386
143.0,143.0,4.9167045E-4
144.0,144.0,0.0014687809
145.0,145.0,0.18353662
146.0,146.0,0.08002376
147.0,147.0,0.21100637
148.0,148.0,0.61858535
149.0,149.0,0.0012100192
150.0,150.0,0.35577458
151.0,151.0,0.0017397961
152.0,152.0,0.60547566
153.0,153.0,0.0014490776
154.0,154.0,0.25440958
155.0,155.0,0.34088412
156.0,156.0,5.1248237E-4
157.0,157.0,0.6010854
158.0,158.0,0.061283488
159.0,159.0,0.18304798
160.0,160.0,0.64221466
161.0,161.0,0.0015124297
162.0,162.0,0.47398272
163.0,163.0,0.058099605
164.0,164.0,0.0013319975
165.0,165.0,0.2985157
166.0,166.0,0.032005087
167.0,167.0,0.005925274
168.0,168.0,0.08601827
169.0,169.0,0.4425825
170.0,170.0,0.0012109366
171.0,171.0,0.015814673
172.0,172.0,0.0011682032
173.0,173.0,0.0031989333
174.0,174.0,4.1356354E-4
175.0,175.0,0.12383738
176.0,176.0,0.022579052
177.0,177.0,0.022689387
178.0,178.0,0.0043353187
179.0,179.0,0.5943625
180.0,180.0,0.21521379
181.0,181.0,0.30508932
182.0,182.0,0.6534942
183.0,183.0,0.0014634992
184.0,184.0,0.6549693
185.0,185.0,0.0020730728
186.0,186.0,0.09428426
187.0,187.0,0.006202577
188.0,188.0,0.07413432
189.0,189.0,0.3258055
190.0,190.0,0.15436964
191.0,191.0,4.897625E-4
192.0,192.0,0.0016787249
193.0,193.0,0.4685865
194.0,194.0,0.11641691
195.0,195.0,0.0019557523
196.0,196.0,0.21083304
197.0,197.0,0.6965413
198.0,198.0,0.49936813
199.0,199.0,0.21012338
200.0,200.0,0.0011301374
201.0,201.0,4.932889E-4
202.0,202.0,0.006002255
203.0,203.0,0.6050398
204.0,204.0,0.0013526973
205.0,205.0,0.0037593239
206.0,206.0,0.093558446
207.0,207.0,0.0014549847
208.0,208.0,0.0032717665
209.0,209.0,0.001481622
210.0,210.0,3.781864E-4
211.0,211.0,0.008416548
212.0,212.0,0.6414736
213.0,213.0,0.11637413
214.0,214.0,0.06178125
215.0,215.0,0.001155204
216.0,216.0,3.7881557E-4
217.0,217.0,5.488851E-4
218.0,218.0,0.6883647
219.0,219.0,0.5463488
220.0,220.0,0.0010655741
221.0,221.0,0.0014887163
222.0,222.0,0.40332177
223.0,223.0,0.020515649
224.0,224.0,0.0054148715
225.0,225.0,0.35901347
226.0,226.0,4.8689256E-4
227.0,227.0,0.5468395
228.0,228.0,0.6593012
229.0,229.0,0.61711746
230.0,230.0,0.012969232
231.0,231.0,0.0012687033
232.0,232.0,0.048690226
233.0,233.0,0.62329406
234.0,234.0,0.04396259
235.0,235.0,0.0022324158
236.0,236.0,0.014681693
237.0,237.0,3.5800505E-4
238.0,238.0,4.961975E-4
239.0,239.0,0.004545642
240.0,240.0,0.3330234
241.0,241.0,0.0025422655
242.0,242.0,0.001986015
243.0,243.0,0.0014437875
244.0,244.0,0.21074033
245.0,245.0,0.024912935
246.0,246.0,5.2325387E-4
247.0,247.0,0.001267914
248.0,248.0,0.49091876
249.0,249.0,0.6263204
250.0,250.0,0.19079578
251.0,251.0,0.0059479154
252.0,252.0,8.790589E-4
253.0,253.0,0.019119246
254.0,254.0,0.0055850483
255.0,255.0,2.925493E-4
256.0,256.0,0.09434176
257.0,257.0,0.0047475053
258.0,258.0,3.6473924E-4
259.0,259.0,0.004669738
260.0,260.0,0.15029708
261.0,261.0,0.0012875851
262.0,262.0,0.4470066
263.0,263.0,0.0049782447
264.0,264.0,0.029041108
265.0,265.0,0.15572807
266.0,266.0,0.12891866
267.0,267.0,0.032919552
268.0,268.0,0.016551688
269.0,269.0,0.6865591
270.0,270.0,0.0023269937
271.0,271.0,0.005594223
272.0,272.0,0.023442
273.0,273.0,0.5825549
274.0,274.0,0.25601485
275.0,275.0,0.397216
276.0,276.0,9.1402605E-4
277.0,277.0,0.6695515
278.0,278.0,0.005169001
279.0,279.0,0.10632173
280.0,280.0,4.7860673E-4
281.0,281.0,0.57313806
282.0,282.0,0.0010833441
283.0,283.0,5.1254296E-4
284.0,284.0,0.001407904
285.0,285.0,0.58148116
286.0,286.0,0.5651902
287.0,287.0,0.6125332
288.0,288.0,0.58474576
289.0,289.0,0.66906995
290.0,290.0,0.0048282663
291.0,291.0,0.0013981317
292.0,292.0,0.08804521
293.0,293.0,4.737084E-4
294.0,294.0,0.0021204588
295.0,295.0,0.5809961
296.0,296.0,0.01564057
297.0,297.0,5.081779E-4
298.0,298.0,8.681656E-4
299.0,299.0,3.7721288E-4
300.0,300.0,4.5620865E-4
301.0,301.0,0.015437949
302.0,302.0,0.2600437
303.0,303.0,0.0067766747
304.0,304.0,0.34054944
305.0,305.0,0.1370976
306.0,306.0,0.002377254
307.0,307.0,0.0014763606
308.0,308.0,0.0012861455
309.0,309.0,0.415352
310.0,310.0,4.9366854E-4
311.0,311.0,0.06305188
312.0,312.0,0.31998488
313.0,313.0,4.828646E-4
314.0,314.0,0.002246641
315.0,315.0,0.0016552374
316.0,316.0,0.20472325
317.0,317.0,0.0055653597
318.0,318.0,0.005443016
319.0,319.0,0.659907
320.0,320.0,0.0012736904
321.0,321.0,0.005423744
322.0,322.0,0.091756076
323.0,323.0,0.21566577
324.0,324.0,0.7054655
325.0,325.0,0.021241784
326.0,326.0,0.3708971
327.0,327.0,0.010408786
328.0,328.0,0.0035554566
329.0,329.0,9.103344E-4
330.0,330.0,3.9815006E-4
331.0,331.0,0.1949411
332.0,332.0,0.20946887
333.0,333.0,0.00149537
334.0,334.0,0.001434989
335.0,335.0,0.11557373
336.0,336.0,0.0019914373
337.0,337.0,0.0014187883
338.0,338.0,0.0021465796
339.0,339.0,0.0034901411
340.0,340.0,0.69086283
341.0,341.0,0.015717072
342.0,342.0,0.0013590518
343.0,343.0,5.2214984E-4
344.0,344.0,4.8149755E-4
345.0,345.0,0.013520886
346.0,346.0,0.02224412
347.0,347.0,0.41094628
348.0,348.0,0.37215734
349.0,349.0,0.0044151423
350.0,350.0,0.30490857
351.0,351.0,0.27517334
352.0,352.0,0.22353429
353.0,353.0,0.002087486
354.0,354.0,5.0223945E-4
355.0,355.0,0.27920038
356.0,356.0,0.09084267
357.0,357.0,0.075353794
358.0,358.0,0.0040683807
359.0,359.0,0.0025525233
360.0,360.0,0.0054926085
361.0,361.0,4.7001688E-4
362.0,362.0,0.0058991653
363.0,363.0,0.6834461
364.0,364.0,0.0013313597
365.0,365.0,0.0014826137
366.0,366.0,4.976099E-4
367.0,367.0,0.057734128
368.0,368.0,0.0016996135
369.0,369.0,0.0012721736
370.0,370.0,0.0014595265
371.0,371.0,0.6123833
372.0,372.0,0.64860433
373.0,373.0,5.272064E-4
374.0,374.0,0.52375984
375.0,375.0,5.812297E-4
376.0,376.0,0.0019201691
377.0,377.0,0.00546868
378.0,378.0,4.912794E-4
379.0,379.0,0.2150476
380.0,380.0,0.00496805
381.0,381.0,7.5810385E-4
382.0,382.0,0.0014658534
383.0,383.0,0.045251235
384.0,384.0,0.0013179869
385.0,385.0,0.6014722
386.0,386.0,0.0024672623
387.0,387.0,0.7039404
388.0,388.0,2.6437154E-4
389.0,389.0,0.0034893071
390.0,390.0,0.0019236587
391.0,391.0,0.0051585943
392.0,392.0,0.0050179292
393.0,393.0,0.0020863733
394.0,394.0,4.8112532E-4
395.0,395.0,0.0013426588
396.0,396.0,0.558711
397.0,397.0,0.0033126601
398.0,398.0,0.13510436
399.0,399.0,0.0020559581
400.0,400.0,0.0033294458
401.0,401.0,0.6535217
402.0,402.0,0.0018015385
403.0,403.0,0.04409629
404.0,404.0,0.43995777
405.0,405.0,0.25649273
406.0,406.0,0.08250214
407.0,407.0,0.002197765
408.0,408.0,0.029800158
409.0,409.0,0.08502753
410.0,410.0,0.002991338
411.0,411.0,0.0054541705
412.0,412.0,0.0058680293
413.0,413.0,0.01093715
414.0,414.0,0.0012415856
415.0,415.0,0.09479575
416.0,416.0,0.65023685
417.0,417.0,0.013069551
418.0,418.0,0.036600273
419.0,419.0,0.0018925001
420.0,420.0,0.635681
421.0,421.0,0.6787392
422.0,422.0,0.0014793499
423.0,423.0,5.3345924E-4
424.0,424.0,0.59187466
425.0,425.0,0.0019109386
426.0,426.0,0.2149488
427.0,427.0,0.0811743
428.0,428.0,0.0033690457
429.0,429.0,0.0012237803
430.0,430.0,0.040960107
431.0,431.0,4.7553272E-4
432.0,432.0,4.0135658E-4
433.0,433.0,9.236645E-4
434.0,434.0,5.000075E-4
435.0,435.0,5.3712085E-4
436.0,436.0,0.30394825
437.0,437.0,0.6222304
438.0,438.0,0.0021230741
439.0,439.0,0.0021264493
440.0,440.0,0.5496161
441.0,441.0,0.6129108
442.0,442.0,0.42219007
443.0,443.0,4.8189584E-4
444.0,444.0,0.0011162997
445.0,445.0,0.5976067
446.0,446.0,0.015963906
447.0,447.0,0.6774761
448.0,448.0,0.024622157
449.0,449.0,0.015994499
450.0,450.0,0.0031220668
451.0,451.0,0.46278268
452.0,452.0,5.721332E-4
453.0,453.0,0.014375921
454.0,454.0,0.58879036
455.0,455.0,0.6257349
456.0,456.0,0.022733612
457.0,457.0,0.11105246
458.0,458.0,0.0012706699
459.0,459.0,0.25962678
460.0,460.0,0.008721902
461.0,461.0,0.701345
462.0,462.0,0.15203027
463.0,463.0,5.048738E-4
464.0,464.0,0.005576723
465.0,465.0,0.0037543047
466.0,466.0,0.21573924
467.0,467.0,4.848433E-4
468.0,468.0,0.0013183666
469.0,469.0,0.07361208
470.0,470.0,0.28577182
471.0,471.0,0.3243637
472.0,472.0,0.22917885
473.0,473.0,0.0097505795
474.0,474.0,0.09544636
475.0,475.0,0.15359303
476.0,476.0,0.21249333
477.0,477.0,0.6317532
478.0,478.0,0.60655725
479.0,479.0,4.8008657E-4
480.0,480.0,5.3856056E-4
481.0,481.0,0.0021033145
482.0,482.0,0.59881413
483.0,483.0,0.020065818
484.0,484.0,0.0010916216
485.0,485.0,0.021670938
486.0,486.0,0.005305531
487.0,487.0,4.6622142E-4
488.0,488.0,0.0011917778
489.0,489.0,0.001404078
490.0,490.0,0.689154
491.0,491.0,0.62441224
492.0,492.0,0.005914988
493.0,493.0,0.0044077644
494.0,494.0,0.70405185
495.0,495.0,0.0014526448
496.0,496.0,0.1705851
497.0,497.0,0.68089515
498.0,498.0,0.0056412774
499.0,499.0,0.2927847
500.0,500.0,0.53814983
501.0,501.0,5.9342314E-4
502.0,502.0,0.030565515
503.0,503.0,0.3896405
504.0,504.0,0.0059270393
505.0,505.0,4.8987154E-4
506.0,506.0,0.49523607
507.0,507.0,0.59926087
508.0,508.0,0.57390416
509.0,509.0,0.04149128
510.0,510.0,5.0939625E-4
511.0,511.0,0.044645187
512.0,512.0,0.0014844093
513.0,513.0,5.0489954E-4
514.0,514.0,0.0048280265
515.0,515.0,0.12343714
516.0,516.0,0.005872545
517.0,517.0,0.0044613304
518.0,518.0,6.756863E-4
519.0,519.0,0.003468454
520.0,520.0,0.004578831
521.0,521.0,0.010002104
522.0,522.0,0.0014799214
523.0,523.0,0.0014910166
524.0,524.0,7.658624E-4
525.0,525.0,0.38474554
526.0,526.0,0.15800159
527.0,527.0,4.088454E-4
528.0,528.0,5.9635926E-4
529.0,529.0,0.008724188
530.0,530.0,0.00957055
531.0,531.0,0.6189588
532.0,532.0,0.0014441533
533.0,533.0,4.8219523E-4
534.0,534.0,0.6444577
535.0,535.0,0.7033288
536.0,536.0,0.56945026
537.0,537.0,0.014876131
538.0,538.0,0.004866736
539.0,539.0,0.001235118
540.0,540.0,0.004811306
541.0,541.0,0.016149765
542.0,542.0,0.6225636
543.0,543.0,0.09032772
544.0,544.0,4.9652584E-4
545.0,545.0,4.972439E-4
546.0,546.0,0.0012718926
547.0,547.0,0.21032362
548.0,548.0,0.030133102
549.0,549.0,0.0012953173
550.0,550.0,0.67856973
551.0,551.0,0.003027479
552.0,552.0,0.22609973
553.0,553.0,0.0014530671
554.0,554.0,0.19353023
555.0,555.0,5.011816E-4
556.0,556.0,0.0035712952
557.0,557.0,0.02113254
558.0,558.0,3.7589436E-4
559.0,559.0,0.00227153
560.0,560.0,0.35584593
561.0,561.0,0.5972554
562.0,562.0,0.28424728
563.0,563.0,0.51203406
564.0,564.0,0.0037234384
565.0,565.0,0.0031313442
566.0,566.0,0.5254592
567.0,567.0,0.001388345
568.0,568.0,0.6052187
569.0,569.0,0.0012577412
570.0,570.0,0.6938479
571.0,571.0,0.001096126
572.0,572.0,0.0014348879
573.0,573.0,7.745215E-4
574.0,574.0,0.0034710423
575.0,575.0,0.023925241
576.0,576.0,0.06610514
577.0,577.0,4.7459945E-4
578.0,578.0,0.70334804
579.0,579.0,0.0037358352
580.0,580.0,0.0019392638
581.0,581.0,0.002215201
582.0,582.0,0.0045616473
583.0,583.0,0.005394538
584.0,584.0,0.014033209
585.0,585.0,0.6284586
586.0,586.0,0.45121872
587.0,587.0,0.0014987638
588.0,588.0,0.21116105
589.0,589.0,0.0014475167
590.0,590.0,0.0019865457
591.0,591.0,0.31095785
592.0,592.0,0.07588999
593.0,593.0,0.2568671
594.0,594.0,0.004075486
595.0,595.0,0.054873683
596.0,596.0,0.0017995553
597.0,597.0,0.0011664848
598.0,598.0,0.08127345
599.0,599.0,0.6809742
600.0,600.0,0.0011496366
601.0,601.0,0.0014519239
602.0,602.0,4.8436984E-4
603.0,603.0,0.0023249036
604.0,604.0,0.0019783191
605.0,605.0,0.20390514
606.0,606.0,0.0014635641
607.0,607.0,0.24293168
608.0,608.0,0.0012964362
609.0,609.0,0.15116528
610.0,610.0,0.6992608
611.0,611.0,0.66543305
612.0,612.0,0.6263884
613.0,613.0,0.0015634492
614.0,614.0,0.0054272357
615.0,615.0,4.1222217E-4
616.0,616.0,0.0014963865
617.0,617.0,7.7799795E-4
618.0,618.0,0.0019363479
619.0,619.0,0.0013400242
620.0,620.0,3.6035638E-4
621.0,621.0,0.0012006566
622.0,622.0,0.0013584008
623.0,623.0,0.36270875
624.0,624.0,0.7008764
625.0,625.0,0.2727207
626.0,626.0,0.41785118
627.0,627.0,0.0073752515
628.0,628.0,0.69416726
629.0,629.0,7.4656465E-4
630.0,630.0,0.001357514
631.0,631.0,0.0013374817
632.0,632.0,0.0019446132
633.0,633.0,4.5485035E-4
634.0,634.0,0.09935741
635.0,635.0,0.004327038
636.0,636.0,5.5191515E-4
637.0,637.0,4.9146835E-4
638.0,638.0,3.799118E-4
639.0,639.0,4.817637E-4
640.0,640.0,0.41997668
641.0,641.0,0.0015562946
642.0,642.0,0.015635153
643.0,643.0,0.6231401
644.0,644.0,5.770943E-4
645.0,645.0,0.01089673
646.0,646.0,0.68266964
647.0,647.0,0.00351151
648.0,648.0,0.0044940817
649.0,649.0,0.00519292
650.0,650.0,0.6228392
651.0,651.0,5.3083047E-4
652.0,652.0,0.09606037
653.0,653.0,0.0019041875
654.0,654.0,0.67731124
655.0,655.0,4.8087342E-4
656.0,656.0,0.0048554214
657.0,657.0,0.001618683
658.0,658.0,0.0101168165
659.0,659.0,0.18361408
660.0,660.0,0.016306961
661.0,661.0,0.00456228
662.0,662.0,4.7941116E-4
663.0,663.0,0.0878182
664.0,664.0,0.23411159
665.0,665.0,0.0014541371
666.0,666.0,4.893198E-4
667.0,667.0,0.021930343
668.0,668.0,0.6246022
669.0,669.0,0.0020238883
670.0,670.0,0.6141389
671.0,671.0,0.6973925
672.0,672.0,0.0018857503
673.0,673.0,0.015790056
674.0,674.0,4.8477994E-4
675.0,675.0,0.43036518
676.0,676.0,0.004456643
677.0,677.0,0.012681215
678.0,678.0,5.0871813E-4
679.0,679.0,3.6310963E-4
680.0,680.0,3.5796317E-4
681.0,681.0,0.0012836197
682.0,682.0,0.09148414
683.0,683.0,3.657594E-4
684.0,684.0,0.41662517
685.0,685.0,0.0069356337
686.0,686.0,0.0015510322
687.0,687.0,0.004780561
688.0,688.0,4.963796E-4
689.0,689.0,0.32462367
690.0,690.0,4.977695E-4
691.0,691.0,0.14907259
692.0,692.0,5.23209E-4
693.0,693.0,0.27795365
694.0,694.0,0.025381578
695.0,695.0,0.002101997
696.0,696.0,4.4250194E-4
697.0,697.0,0.012393524
698.0,698.0,0.58987916
699.0,699.0,0.0057678833
700.0,700.0,5.190715E-4
701.0,701.0,5.5414945E-4
702.0,702.0,7.589283E-4
703.0,703.0,0.5507891
704.0,704.0,0.22443874
705.0,705.0,0.0011227872
706.0,706.0,0.0012013894
707.0,707.0,8.9574396E-4
708.0,708.0,0.0013558178
709.0,709.0,4.503631E-4
710.0,710.0,0.20872006
711.0,711.0,4.6984525E-4
712.0,712.0,0.12340954
713.0,713.0,0.0013638036
714.0,714.0,0.0014417476
715.0,715.0,3.478069E-4
716.0,716.0,0.014700203
717.0,717.0,0.112926535
718.0,718.0,0.111926906
719.0,719.0,7.4839767E-4
720.0,720.0,0.0024500927
721.0,721.0,5.8877893E-4
722.0,722.0,0.0037911008
723.0,723.0,0.03058229
724.0,724.0,0.20956978
725.0,725.0,0.03137477
726.0,726.0,0.0018000059
727.0,727.0,0.011660527
728.0,728.0,0.016181443
729.0,729.0,4.8198138E-4
730.0,730.0,4.9882865E-4
731.0,731.0,0.0016923003
732.0,732.0,0.014063912
733.0,733.0,0.33087036
734.0,734.0,3.2689143E-4
735.0,735.0,4.2511502E-4
736.0,736.0,0.448825
737.0,737.0,0.70142287
738.0,738.0,3.326446E-4
739.0,739.0,0.42465726
740.0,740.0,3.8083046E-4
741.0,741.0,3.2018306E-4
742.0,742.0,0.2258537
743.0,743.0,0.0048766905
744.0,744.0,0.0045093643
745.0,745.0,0.32296446
746.0,746.0,0.62747
747.0,747.0,3.624019E-4
748.0,748.0,0.018499294
749.0,749.0,0.061571993
750.0,750.0,5.721837E-4
751.0,751.0,0.0013467069
752.0,752.0,5.562574E-4
753.0,753.0,0.08750876
754.0,754.0,0.0014738203
755.0,755.0,3.4066412E-4
756.0,756.0,0.68055934
757.0,757.0,4.7651172E-4
758.0,758.0,0.0264344
759.0,759.0,0.0017796967
760.0,760.0,0.20332792
761.0,761.0,0.0036075462
762.0,762.0,0.001826393
763.0,763.0,0.0012271799
764.0,764.0,0.56930315
765.0,765.0,0.014946907
766.0,766.0,0.0023330029
767.0,767.0,0.01437179
768.0,768.0,0.0019263193
769.0,769.0,0.0054722023
770.0,770.0,0.49561355
771.0,771.0,0.0020558068
772.0,772.0,0.0014099102
773.0,773.0,0.01087438
774.0,774.0,0.0041801133
775.0,775.0,5.827686E-4
776.0,776.0,0.0033965297
777.0,777.0,0.67630196
778.0,778.0,0.0036138569
779.0,779.0,0.0024881074
780.0,780.0,0.0012860498
781.0,781.0,0.022264088
782.0,782.0,0.23189592
783.0,783.0,0.0011921031
784.0,784.0,0.007720923
785.0,785.0,0.011997158
786.0,786.0,0.045482464
787.0,787.0,0.32334125
788.0,788.0,4.818184E-4
789.0,789.0,0.03590791
790.0,790.0,0.0028721294
791.0,791.0,0.22215505
792.0,792.0,4.117594E-4
793.0,793.0,0.37658504
794.0,794.0,0.42985612
795.0,795.0,0.0056573944
796.0,796.0,0.03605862
797.0,797.0,0.010252863
798.0,798.0,0.0014900729
799.0,799.0,0.0013298349
800.0,800.0,0.0051023606
801.0,801.0,0.18211603
802.0,802.0,4.96525E-4
803.0,803.0,0.0014007986
804.0,804.0,0.391429
805.0,805.0,0.6371319
806.0,806.0,0.0044809226
807.0,807.0,0.004539952
808.0,808.0,0.002232161
809.0,809.0,0.001460198
810.0,810.0,0.22769585
811.0,811.0,0.21026233
812.0,812.0,0.6282457
813.0,813.0,0.29969743
814.0,814.0,5.318882E-4
815.0,815.0,0.0031613326
816.0,816.0,0.0023676537
817.0,817.0,4.7872943E-4
818.0,818.0,0.0013744972
819.0,819.0,3.753263E-4
820.0,820.0,3.4076374E-4
821.0,821.0,0.00559773
822.0,822.0,0.68873453
823.0,823.0,0.687573
824.0,824.0,0.0013897163
825.0,825.0,4.814776E-4
826.0,826.0,0.0021823375
827.0,827.0,0.12499191
828.0,828.0,3.5786495E-4
829.0,829.0,0.0010580992
830.0,830.0,5.767679E-4
831.0,831.0,0.007977861
832.0,832.0,0.014403442
833.0,833.0,0.680592
834.0,834.0,0.004409633
835.0,835.0,0.36220458
836.0,836.0,0.0069853547
837.0,837.0,0.5454545
838.0,838.0,3.588438E-4
839.0,839.0,3.2722458E-4
840.0,840.0,0.0055594784
841.0,841.0,0.0055771265
842.0,842.0,0.0055543943
843.0,843.0,0.5959615
844.0,844.0,0.28865603
845.0,845.0,0.13869521
846.0,846.0,0.0021339848
847.0,847.0,0.3326755
848.0,848.0,0.6593541
849.0,849.0,0.015203144
850.0,850.0,0.68818414
851.0,851.0,0.0020997154
852.0,852.0,0.6310386
853.0,853.0,0.03703887
854.0,854.0,0.6744151
855.0,855.0,0.025306042
856.0,856.0,0.0025981036
857.0,857.0,0.5800844
858.0,858.0,0.0038945056
859.0,859.0,0.0012787038
860.0,860.0,0.0021237065
861.0,861.0,0.08086423
862.0,862.0,0.08632287
863.0,863.0,0.011477645
864.0,864.0,0.005039804
865.0,865.0,0.25328526
866.0,866.0,0.2534888
867.0,867.0,0.0014513652
868.0,868.0,0.0011392059
869.0,869.0,0.0055509005
870.0,870.0,4.8034033E-4
871.0,871.0,0.22652349
872.0,872.0,4.6381925E-4
873.0,873.0,4.5013364E-4
874.0,874.0,4.60184E-4
875.0,875.0,5.036918E-4
876.0,876.0,0.015024803
877.0,877.0,0.0016059268
878.0,878.0,0.0010479084
879.0,879.0,0.024500132
880.0,880.0,4.625671E-4
881.0,881.0,0.0013056049
882.0,882.0,0.5835382
883.0,883.0,0.0013615459
884.0,884.0,4.9506006E-4
885.0,885.0,5.0401356E-4
886.0,886.0,0.0020957764
887.0,887.0,0.006064307
888.0,888.0,0.6888088
889.0,889.0,0.0012865217
890.0,890.0,0.18853009
891.0,891.0,0.21295188
892.0,892.0,0.14720298
893.0,893.0,0.040455367
894.0,894.0,0.003927067
895.0,895.0,0.5756407
896.0,896.0,4.733088E-4
897.0,897.0,0.5574032
898.0,898.0,0.004069788
899.0,899.0,0.025373094
900.0,900.0,0.0023357996
901.0,901.0,0.053530164
902.0,902.0,0.62294817
903.0,903.0,0.0305637
904.0,904.0,0.10140199
905.0,905.0,0.08862702
906.0,906.0,0.003099425
907.0,907.0,0.013852987
908.0,908.0,5.296979E-4
909.0,909.0,5.3455785E-4
910.0,910.0,0.0019800153
911.0,911.0,0.6950799
912.0,912.0,0.5663888
913.0,913.0,5.1287905E-4
914.0,914.0,0.0019143686
915.0,915.0,0.093247816
916.0,916.0,0.012975028
917.0,917.0,0.010997902
918.0,918.0,0.0018069402
919.0,919.0,0.0022261578
920.0,920.0,0.26771513
921.0,921.0,0.3198633
922.0,922.0,0.03609547
923.0,923.0,4.605225E-4
924.0,924.0,0.14903006
925.0,925.0,0.0043506273
926.0,926.0,0.005479584
927.0,927.0,0.001454242
928.0,928.0,0.009904727
929.0,929.0,0.5991557
930.0,930.0,0.0017996029
931.0,931.0,0.001472653
932.0,932.0,0.0019427823
933.0,933.0,0.17043401
934.0,934.0,4.711343E-4
935.0,935.0,0.005372542
936.0,936.0,0.69189584
937.0,937.0,0.005956222
938.0,938.0,0.0014807138
939.0,939.0,0.007530358
940.0,940.0,4.7968855E-4
941.0,941.0,0.6986492
942.0,942.0,4.4366412E-4
943.0,943.0,0.28402725
944.0,944.0,0.0019404693
945.0,945.0,0.12978655
946.0,946.0,0.001402377
947.0,947.0,0.0035810007
948.0,948.0,0.085206695
949.0,949.0,3.978026E-4
950.0,950.0,0.0012701353
951.0,951.0,4.825124E-4
952.0,952.0,0.0014058255
953.0,953.0,0.0013212162
954.0,954.0,0.028081454
955.0,955.0,0.0035385827
956.0,956.0,0.61217695
957.0,957.0,0.10635955
958.0,958.0,0.6905755
959.0,959.0,0.015839387
960.0,960.0,0.2098445
961.0,961.0,0.0012782377
962.0,962.0,0.5796174
963.0,963.0,0.6294639
964.0,964.0,3.381537E-4
965.0,965.0,0.0014826929
966.0,966.0,0.60346556
967.0,967.0,0.0013080465
968.0,968.0,0.020983975
969.0,969.0,4.975784E-4
970.0,970.0,0.068996504
971.0,971.0,0.0014592838
972.0,972.0,0.0010606343
973.0,973.0,0.083450936
974.0,974.0,0.5754322
975.0,975.0,0.32002693
976.0,976.0,0.0017285731
977.0,977.0,0.018681314
978.0,978.0,0.004383643
979.0,979.0,0.0014998822
980.0,980.0,0.11581365
981.0,981.0,3.2523423E-4
982.0,982.0,4.779877E-4
983.0,983.0,0.022208832
984.0,984.0,0.10829455
985.0,985.0,0.0020406316
986.0,986.0,0.0033635565
987.0,987.0,0.67839277
988.0,988.0,0.005712354
989.0,989.0,0.0014105084
990.0,990.0,4.8417112E-4
991.0,991.0,0.5507123
992.0,992.0,0.39787644
993.0,993.0,8.8744576E-4
994.0,994.0,0.0015992319
995.0,995.0,0.6338989
996.0,996.0,0.30830532
997.0,997.0,0.6326387
998.0,998.0,0.6139592
999.0,999.0,4.819401E-4
1000.0,1000.0,4.8202975E-4
1001.0,1001.0,0.0053295665
1002.0,1002.0,0.005569219
1003.0,1003.0,0.027802309
1004.0,1004.0,0.0011911722
1005.0,1005.0,0.08063427
1006.0,1006.0,0.0014680993
1007.0,1007.0,0.0054674405
1008.0,1008.0,0.18607627
1009.0,1009.0,0.0020123774
1010.0,1010.0,0.024565367
1011.0,1011.0,0.0014540845
1012.0,1012.0,0.078659356
1013.0,1013.0,0.03342945
1014.0,1014.0,0.0013828354
1015.0,1015.0,0.54569685
1016.0,1016.0,0.030988783
1017.0,1017.0,0.0014574245
1018.0,1018.0,0.0019015407
1019.0,1019.0,0.08368351
1020.0,1020.0,4.892246E-4
1021.0,1021.0,0.008842195
1022.0,1022.0,0.00992972
1023.0,1023.0,3.6017926E-4
1024.0,1024.0,5.0016213E-4
1025.0,1025.0,0.38189363
1026.0,1026.0,0.2912445
1027.0,1027.0,4.7381144E-4
1028.0,1028.0,0.1554169
1029.0,1029.0,0.0045868843
1030.0,1030.0,0.017094499
1031.0,1031.0,0.08436487
1032.0,1032.0,0.30023175
1033.0,1033.0,0.6355059
1034.0,1034.0,0.001452728
1035.0,1035.0,0.0014921647
1036.0,1036.0,0.03681511
1037.0,1037.0,0.6733063
1038.0,1038.0,0.02240778
1039.0,1039.0,4.929582E-4
1040.0,1040.0,0.0055701663
1041.0,1041.0,5.037939E-4
1042.0,1042.0,0.5173822
1043.0,1043.0,0.61945105
1044.0,1044.0,0.01551081
1045.0,1045.0,0.021300882
1046.0,1046.0,0.15137301
1047.0,1047.0,0.041451484
1048.0,1048.0,0.0026311823
1049.0,1049.0,0.32722533
1050.0,1050.0,0.6027293
1051.0,1051.0,0.25845096
1052.0,1052.0,5.110158E-4
1053.0,1053.0,0.68213904
1054.0,1054.0,0.001483106
1055.0,1055.0,0.0015424108
1056.0,1056.0,4.895167E-4
1057.0,1057.0,0.002009386
1058.0,1058.0,3.2600813E-4
1059.0,1059.0,0.0043373182
1060.0,1060.0,0.02377001
1061.0,1061.0,5.0237525E-4
1062.0,1062.0,4.7121992E-4
1063.0,1063.0,0.35632113
1064.0,1064.0,0.004832624
1065.0,1065.0,7.474658E-4
1066.0,1066.0,0.0014588046
1067.0,1067.0,0.22208756
1068.0,1068.0,0.0015018289
1069.0,1069.0,0.005365862
1070.0,1070.0,4.3749702E-4
1071.0,1071.0,0.0055742944
1072.0,1072.0,0.0010129786
1073.0,1073.0,4.889285E-4
1074.0,1074.0,4.7824087E-4
1075.0,1075.0,0.18416733
1076.0,1076.0,0.426255
1077.0,1077.0,4.1969208E-4
1078.0,1078.0,0.07581516
1079.0,1079.0,0.005580533
1080.0,1080.0,0.0047867075
1081.0,1081.0,4.4856677E-4
1082.0,1082.0,0.66103274
1083.0,1083.0,7.8252086E-4
1084.0,1084.0,0.024050027
1085.0,1085.0,0.004481577
1086.0,1086.0,0.0050339517
1087.0,1087.0,0.0012997104
1088.0,1088.0,0.21490991
1089.0,1089.0,0.0016626428
1090.0,1090.0,0.0014801443
1091.0,1091.0,0.0014452687
1092.0,1092.0,0.009503646
1093.0,1093.0,0.53431493
1094.0,1094.0,0.0024654868
1095.0,1095.0,0.0053955005
1096.0,1096.0,0.0037638356
1097.0,1097.0,4.037499E-4
1098.0,1098.0,0.5290373
1099.0,1099.0,0.0047568297
1100.0,1100.0,0.0014605153
1101.0,1101.0,0.015345113
1102.0,1102.0,0.0020253458
1103.0,1103.0,0.013168162
1104.0,1104.0,0.58565736
1105.0,1105.0,4.479927E-4
1106.0,1106.0,0.23229098
1107.0,1107.0,0.21661237
1108.0,1108.0,4.8188434E-4
1109.0,1109.0,3.0640775E-4
1110.0,1110.0,0.61924684
1111.0,1111.0,0.001676333
1112.0,1112.0,5.140247E-4
1113.0,1113.0,0.0022876468
1114.0,1114.0,0.29066122
1115.0,1115.0,0.69602305
1116.0,1116.0,4.9515517E-4
1117.0,1117.0,0.0012448186
1118.0,1118.0,0.0014593374
1119.0,1119.0,3.2886077E-4
1120.0,1120.0,0.56292045
1121.0,1121.0,0.008912794
1122.0,1122.0,0.7002609
1123.0,1123.0,0.017185934
1124.0,1124.0,0.015177828
1125.0,1125.0,0.005437583
1126.0,1126.0,3.614517E-4
1127.0,1127.0,7.863041E-4
1128.0,1128.0,3.2571206E-4
1129.0,1129.0,5.019556E-4
1130.0,1130.0,0.0022830763
1131.0,1131.0,0.010388598
1132.0,1132.0,5.187614E-4
1133.0,1133.0,0.001422641
1134.0,1134.0,0.0015531488
1135.0,1135.0,5.0365814E-4
1136.0,1136.0,0.20609674
1137.0,1137.0,0.047650535
1138.0,1138.0,0.005025503
1139.0,1139.0,0.042458944
1140.0,1140.0,0.17160082
1141.0,1141.0,4.6313528E-4
1142.0,1142.0,0.70675445
1143.0,1143.0,0.010657168
1144.0,1144.0,4.0902462E-4
1145.0,1145.0,0.0436299
1146.0,1146.0,0.005109561
1147.0,1147.0,0.0018503474
1148.0,1148.0,0.004754583
1149.0,1149.0,0.675569
1150.0,1150.0,0.0021876108
1151.0,1151.0,0.01931103
1152.0,1152.0,0.030572776
1153.0,1153.0,0.656849
1154.0,1154.0,0.14849576
1155.0,1155.0,0.004330449
1156.0,1156.0,0.002281869
1157.0,1157.0,4.7058723E-4
1158.0,1158.0,0.59098715
1159.0,1159.0,2.584762E-4
1160.0,1160.0,0.5265077
1161.0,1161.0,0.69939697
1162.0,1162.0,0.21704799
1163.0,1163.0,0.0053750067
1164.0,1164.0,0.06864
1165.0,1165.0,0.023494465
1166.0,1166.0,4.469886E-4
1167.0,1167.0,0.67376024
1168.0,1168.0,0.30779
1169.0,1169.0,0.0023593088
1170.0,1170.0,0.42830703
1171.0,1171.0,0.0019714087
1172.0,1172.0,0.15002182
1173.0,1173.0,4.5364263E-4
1174.0,1174.0,0.005243155
1175.0,1175.0,0.18993953
1176.0,1176.0,0.005472908
1177.0,1177.0,0.006433931
1178.0,1178.0,0.68282944
1179.0,1179.0,0.026233451
1180.0,1180.0,0.15277904
1181.0,1181.0,0.0018164989
1182.0,1182.0,0.47349215
1183.0,1183.0,0.016484842
1184.0,1184.0,0.58331627
1185.0,1185.0,0.0050107855
1186.0,1186.0,0.35757765
1187.0,1187.0,5.5891834E-4
1188.0,1188.0,0.0037397295
1189.0,1189.0,7.9711067E-4
1190.0,1190.0,0.014329818
1191.0,1191.0,0.04365246
1192.0,1192.0,0.012901014
1193.0,1193.0,0.4913153
1194.0,1194.0,0.15145282
1195.0,1195.0,0.69628483
1196.0,1196.0,0.69722974
1197.0,1197.0,0.6795005
1198.0,1198.0,0.0022338757
1199.0,1199.0,0.17770638
1200.0,1200.0,0.35751173
1201.0,1201.0,0.14558737
1202.0,1202.0,0.0015914512
1203.0,1203.0,3.2341178E-4
1204.0,1204.0,0.049815606
1205.0,1205.0,0.0048070536
1206.0,1206.0,0.2357854
1207.0,1207.0,0.0012865434
1208.0,1208.0,0.010917387
1209.0,1209.0,0.004979166
1210.0,1210.0,0.0033176537
1211.0,1211.0,0.03316007
1212.0,1212.0,0.1210369
1213.0,1213.0,4.842247E-4
1214.0,1214.0,0.17005602
1215.0,1215.0,0.6934866
1216.0,1216.0,0.0012353425
1217.0,1217.0,0.005481483
1218.0,1218.0,5.789151E-4
1219.0,1219.0,0.3632035
1220.0,1220.0,0.0032133516
1221.0,1221.0,3.4107102E-4
1222.0,1222.0,4.6208999E-4
1223.0,1223.0,0.0014690193
1224.0,1224.0,0.13300411
1225.0,1225.0,0.004484608
1226.0,1226.0,0.6031838
1227.0,1227.0,4.7364726E-4
1228.0,1228.0,0.5407591
1229.0,1229.0,0.036246344
1230.0,1230.0,0.01275291
1231.0,1231.0,4.927587E-4
1232.0,1232.0,2.5663959E-4
1233.0,1233.0,0.010186905
1234.0,1234.0,0.14439318
1235.0,1235.0,0.6080003
1236.0,1236.0,0.090116106
1237.0,1237.0,0.6803473
1238.0,1238.0,0.5998137
1239.0,1239.0,0.32643697
1240.0,1240.0,0.0014988948
1241.0,1241.0,0.005781756
1242.0,1242.0,4.5349338E-4
1243.0,1243.0,0.0016046731
1244.0,1244.0,0.22367367
1245.0,1245.0,0.6163443
1246.0,1246.0,4.7984289E-4
1247.0,1247.0,0.054832444
1248.0,1248.0,0.071347766
1249.0,1249.0,0.001924695
1250.0,1250.0,0.0019600224
1251.0,1251.0,0.4176186
1252.0,1252.0,0.013297665
1253.0,1253.0,0.0013708429
1254.0,1254.0,0.26625
1255.0,1255.0,0.19633742
1256.0,1256.0,0.0045647398
1257.0,1257.0,0.0016792709
1258.0,1258.0,0.66281176
1259.0,1259.0,0.0054627345
1260.0,1260.0,0.0013271424
1261.0,1261.0,0.005567751
1262.0,1262.0,0.0013697342
1263.0,1263.0,0.38620582
1264.0,1264.0,0.7049229
1265.0,1265.0,0.16675763
1266.0,1266.0,0.62236667
1267.0,1267.0,0.64496714
1268.0,1268.0,0.008811359
1269.0,1269.0,0.010239552
1270.0,1270.0,0.18121818
1271.0,1271.0,0.17389818
1272.0,1272.0,5.403234E-4
1273.0,1273.0,0.0048240023
1274.0,1274.0,0.3678159
1275.0,1275.0,0.0014549304
1276.0,1276.0,5.012304E-4
1277.0,1277.0,0.0334459
1278.0,1278.0,0.60268676
1279.0,1279.0,0.0022457077
1280.0,1280.0,0.0033171864
1281.0,1281.0,0.0015836526
1282.0,1282.0,0.001115483
1283.0,1283.0,3.6917778E-4
1284.0,1284.0,0.0014046755
1285.0,1285.0,0.013872892
1286.0,1286.0,4.8758544E-4
1287.0,1287.0,0.37756744
1288.0,1288.0,0.004714988
1289.0,1289.0,0.54758686
1290.0,1290.0,0.0014879721
1291.0,1291.0,4.8811853E-4
1292.0,1292.0,0.001581493
1293.0,1293.0,0.6967975
1294.0,1294.0,0.0013000275
1295.0,1295.0,0.21691142
1296.0,1296.0,4.5604748E-4
1297.0,1297.0,4.8179046E-4
1298.0,1298.0,0.0013226551
1299.0,1299.0,0.002565762
1300.0,1300.0,0.010914645
1301.0,1301.0,4.8200972E-4
1302.0,1302.0,4.8944075E-4
1303.0,1303.0,0.0404275
1304.0,1304.0,0.0013173596
1305.0,1305.0,0.11673132
1306.0,1306.0,0.0012900467
1307.0,1307.0,8.924018E-4
1308.0,1308.0,0.0029943371
1309.0,1309.0,0.30645475
1310.0,1310.0,0.013661563
1311.0,1311.0,0.0022358997
1312.0,1312.0,0.44244844
1313.0,1313.0,4.6905482E-4
1314.0,1314.0,0.6513404
1315.0,1315.0,0.09219855
1316.0,1316.0,0.0011869931
1317.0,1317.0,0.0012099743
1318.0,1318.0,4.7463123E-4
1319.0,1319.0,6.020145E-4
1320.0,1320.0,0.37897828
1321.0,1321.0,0.011148957
1322.0,1322.0,0.0019190433
1323.0,1323.0,0.0013610689
1324.0,1324.0,0.009896004
1325.0,1325.0,0.23918298
1326.0,1326.0,0.010506233
1327.0,1327.0,3.6955738E-4
1328.0,1328.0,0.0034623428
1329.0,1329.0,0.214243
1330.0,1330.0,0.20555472
1331.0,1331.0,7.504159E-4
1332.0,1332.0,0.62751377
1333.0,1333.0,4.811991E-4
1334.0,1334.0,0.0010771534
1335.0,1335.0,0.05560409
1336.0,1336.0,0.18720521
1337.0,1337.0,0.0050582746
1338.0,1338.0,0.0064295256
1339.0,1339.0,9.21823E-4
1340.0,1340.0,0.0017315348
1341.0,1341.0,0.06434543
1342.0,1342.0,0.016692976
1343.0,1343.0,0.40953562
1344.0,1344.0,4.8672486E-4
1345.0,1345.0,0.69264305
1346.0,1346.0,0.6528874
1347.0,1347.0,5.027731E-4
1348.0,1348.0,0.2472931
1349.0,1349.0,4.9128605E-4
1350.0,1350.0,9.872145E-4
1351.0,1351.0,3.1423764E-4
1352.0,1352.0,0.29485574
1353.0,1353.0,4.7489157E-4
1354.0,1354.0,4.785724E-4
1355.0,1355.0,0.06149651
1356.0,1356.0,9.2059094E-4
1357.0,1357.0,0.0020276462
1358.0,1358.0,0.23566578
1359.0,1359.0,5.117579E-4
1360.0,1360.0,4.639269E-4
1361.0,1361.0,0.009837002
1362.0,1362.0,0.004761246
1363.0,1363.0,0.36978105
1364.0,1364.0,0.036539633
1365.0,1365.0,0.014159976
1366.0,1366.0,5.2392937E-4
1367.0,1367.0,0.5258406
1368.0,1368.0,3.2476243E-4
1369.0,1369.0,5.5014115E-4
1370.0,1370.0,0.0031835604
1371.0,1371.0,0.15384297
1372.0,1372.0,5.6124624E-4
1373.0,1373.0,0.04757429
1374.0,1374.0,3.2759266E-4
1375.0,1375.0,0.58480287
1376.0,1376.0,0.0014536352
1377.0,1377.0,0.49446413
1378.0,1378.0,0.023780454
1379.0,1379.0,0.002124416
1380.0,1380.0,0.3313764
1381.0,1381.0,0.13011375
1382.0,1382.0,0.6530571
1383.0,1383.0,0.0020791008
1384.0,1384.0,0.0014231674
1385.0,1385.0,0.5476445
1386.0,1386.0,0.43506545
1387.0,1387.0,0.006121304
1388.0,1388.0,0.545172
1389.0,1389.0,0.003121158
1390.0,1390.0,0.0012966678
1391.0,1391.0,8.754569E-4
1392.0,1392.0,4.975165E-4
1393.0,1393.0,4.9507595E-4
1394.0,1394.0,4.929803E-4
1395.0,1395.0,0.0022790898
1396.0,1396.0,0.0018829757
1397.0,1397.0,0.0012245734
1398.0,1398.0,0.0014465876
1399.0,1399.0,0.0255497
1400.0,1400.0,0.0016637141
1401.0,1401.0,0.023543598
1402.0,1402.0,0.08114783
1403.0,1403.0,0.5629107
1404.0,1404.0,0.049813513
1405.0,1405.0,0.005608132
1406.0,1406.0,0.0014226701
1407.0,1407.0,0.0045614643
1408.0,1408.0,0.0020809493
1409.0,1409.0,0.0014724404
1410.0,1410.0,0.07749977
1411.0,1411.0,0.60402083
1412.0,1412.0,0.6407861
1413.0,1413.0,7.9004065E-4
1414.0,1414.0,0.024605585
1415.0,1415.0,4.7416627E-4
1416.0,1416.0,5.123192E-4
1417.0,1417.0,0.0012179464
1418.0,1418.0,0.41696307
1419.0,1419.0,0.0023161818
1420.0,1420.0,4.891921E-4
1421.0,1421.0,0.023700718
1422.0,1422.0,0.40602115
1423.0,1423.0,0.0033955064
1424.0,1424.0,0.021327121
1425.0,1425.0,0.0012278893
1426.0,1426.0,0.14565322
1427.0,1427.0,0.28188816
1428.0,1428.0,4.7883345E-4
1429.0,1429.0,3.102998E-4
1430.0,1430.0,0.0014530821
1431.0,1431.0,0.0010749721
1432.0,1432.0,0.6854469
1433.0,1433.0,0.21061765
1434.0,1434.0,0.0049244794
1435.0,1435.0,0.5547937
1436.0,1436.0,4.8116455E-4
1437.0,1437.0,0.110085174
1438.0,1438.0,0.6928659
1439.0,1439.0,0.0033897127
1440.0,1440.0,0.0051812883
1441.0,1441.0,0.0014900734
1442.0,1442.0,0.042263817
1443.0,1443.0,0.43906555
1444.0,1444.0,0.63742006
1445.0,1445.0,4.8486906E-4
1446.0,1446.0,0.0017780296
1447.0,1447.0,0.0017125556
1448.0,1448.0,3.2746105E-4
1449.0,1449.0,0.58574504
1450.0,1450.0,0.58193725
1451.0,1451.0,0.5454217
1452.0,1452.0,0.003530029
1453.0,1453.0,0.004941289
1454.0,1454.0,0.0013182869
1455.0,1455.0,8.0500427E-4
1456.0,1456.0,0.0013524991
1457.0,1457.0,0.0043925894
1458.0,1458.0,0.39057788
1459.0,1459.0,0.67127645
1460.0,1460.0,0.0014383808
1461.0,1461.0,4.8190606E-4
1462.0,1462.0,0.13049297
1463.0,1463.0,0.08279884
1464.0,1464.0,0.009625097
1465.0,1465.0,3.5438154E-4
1466.0,1466.0,0.0015356747
1467.0,1467.0,0.0065142023
1468.0,1468.0,0.63338816
1469.0,1469.0,0.27085975
1470.0,1470.0,0.003712519
1471.0,1471.0,0.27017868
1472.0,1472.0,0.31003222
1473.0,1473.0,0.37319228
1474.0,1474.0,0.5429766
1475.0,1475.0,3.3351025E-4
1476.0,1476.0,0.0021934973
1477.0,1477.0,4.811793E-4
1478.0,1478.0,0.21381247
1479.0,1479.0,0.0045267474
1480.0,1480.0,4.8103562E-4
1481.0,1481.0,0.0020741625
1482.0,1482.0,4.8400194E-4
1483.0,1483.0,0.4680969
1484.0,1484.0,0.02359767
1485.0,1485.0,0.0011603753
1486.0,1486.0,4.5078289E-4
1487.0,1487.0,0.021203816
1488.0,1488.0,0.29919758
1489.0,1489.0,9.100497E-4
1490.0,1490.0,8.084398E-4
1491.0,1491.0,0.24651581
1492.0,1492.0,9.141829E-4
1493.0,1493.0,3.4755326E-4
1494.0,1494.0,4.8792528E-4
1495.0,1495.0,0.0013050387
1496.0,1496.0,0.004037252
1497.0,1497.0,0.0014066258
1498.0,1498.0,0.630551
1499.0,1499.0,0.62979966
1500.0,1500.0,0.016271608
1501.0,1501.0,0.0018170784
1502.0,1502.0,0.00438987
1503.0,1503.0,0.010260362
1504.0,1504.0,0.117407195
1505.0,1505.0,0.0014753494
1506.0,1506.0,0.009631403
1507.0,1507.0,5.714404E-4
1508.0,1508.0,9.1528485E-4
1509.0,1509.0,0.002377376
1510.0,1510.0,0.6374064
1511.0,1511.0,0.0043744845
1512.0,1512.0,8.917253E-4
1513.0,1513.0,0.0020587249
1514.0,1514.0,4.6068628E-4
1515.0,1515.0,0.0938904
1516.0,1516.0,0.005447129
1517.0,1517.0,0.0056972895
1518.0,1518.0,0.0045108497
1519.0,1519.0,0.004507093
1520.0,1520.0,0.003767022
1521.0,1521.0,0.64065343
1522.0,1522.0,4.3232384E-4
1523.0,1523.0,4.929142E-4
1524.0,1524.0,0.7019101
1525.0,1525.0,0.6660429
1526.0,1526.0,0.59585524
1527.0,1527.0,5.2298425E-4
1528.0,1528.0,0.005886914
1529.0,1529.0,5.3243263E-4
1530.0,1530.0,0.5465221
1531.0,1531.0,0.01620846
1532.0,1532.0,4.984518E-4
1533.0,1533.0,0.0017339169
1534.0,1534.0,4.915557E-4
1535.0,1535.0,0.11722619
1536.0,1536.0,0.18456736
1537.0,1537.0,0.4672234
1538.0,1538.0,0.26884562
1539.0,1539.0,4.806963E-4
1540.0,1540.0,4.913612E-4
1541.0,1541.0,4.772185E-4
1542.0,1542.0,3.873607E-4
1543.0,1543.0,0.005865869
1544.0,1544.0,0.01375346
1545.0,1545.0,4.7324377E-4
1546.0,1546.0,0.004905015
1547.0,1547.0,0.6331107
1548.0,1548.0,4.8214605E-4
1549.0,1549.0,0.0014189536
1550.0,1550.0,4.7169795E-4
1551.0,1551.0,0.20173143
1552.0,1552.0,0.4789704
1553.0,1553.0,0.32842165
1554.0,1554.0,0.0022613795
1555.0,1555.0,0.009153443
1556.0,1556.0,4.9564015E-4
1557.0,1557.0,0.18408218
1558.0,1558.0,0.5793752
1559.0,1559.0,0.0050782706
1560.0,1560.0,0.0041782036
1561.0,1561.0,0.010134477
1562.0,1562.0,0.3791873
1563.0,1563.0,4.9508235E-4
1564.0,1564.0,0.6817254
1565.0,1565.0,4.6960387E-4
1566.0,1566.0,0.010888184
1567.0,1567.0,0.6163966
1568.0,1568.0,0.03943979
1569.0,1569.0,0.015190137
1570.0,1570.0,0.015561612
1571.0,1571.0,0.001444985
1572.0,1572.0,0.20383741
1573.0,1573.0,0.0060074353
1574.0,1574.0,0.001289966
1575.0,1575.0,0.0021973273
1576.0,1576.0,0.0022335805
1577.0,1577.0,0.5884881
1578.0,1578.0,0.11616215
1579.0,1579.0,0.22571702
1580.0,1580.0,0.0049339463
1581.0,1581.0,0.5746264
1582.0,1582.0,0.0049107233
1583.0,1583.0,0.0045869877
1584.0,1584.0,0.643411
1585.0,1585.0,0.56149566
1586.0,1586.0,0.33609593
1587.0,1587.0,0.10773734
1588.0,1588.0,4.8794146E-4
1589.0,1589.0,0.00449965
1590.0,1590.0,4.7939172E-4
1591.0,1591.0,0.0019998755
1592.0,1592.0,0.11687957
1593.0,1593.0,0.001260674
1594.0,1594.0,0.6702767
1595.0,1595.0,5.3126446E-4
1596.0,1596.0,0.0021975443
1597.0,1597.0,0.0024800047
1598.0,1598.0,0.1576146
1599.0,1599.0,0.03668775
1600.0,1600.0,0.018874133
1601.0,1601.0,0.038535427
1602.0,1602.0,0.08500669
1603.0,1603.0,0.21354684
1604.0,1604.0,4.7768094E-4
1605.0,1605.0,0.1048359
1606.0,1606.0,7.831717E-4
1607.0,1607.0,0.54443157
1608.0,1608.0,0.6268177
1609.0,1609.0,0.49970108
1610.0,1610.0,0.05434542
1611.0,1611.0,0.59006673
1612.0,1612.0,0.02320741
1613.0,1613.0,0.002254817
1614.0,1614.0,3.7930437E-4
1615.0,1615.0,0.653297
1616.0,1616.0,4.7680514E-4
1617.0,1617.0,0.5260473
1618.0,1618.0,0.01323833
1619.0,1619.0,0.0059224
1620.0,1620.0,0.020490557
1621.0,1621.0,0.0038092155
1622.0,1622.0,0.005610057
1623.0,1623.0,0.6762889
1624.0,1624.0,0.11256153
1625.0,1625.0,0.57594043
1626.0,1626.0,0.47093952
1627.0,1627.0,5.782095E-4
1628.0,1628.0,0.14946878
1629.0,1629.0,0.016476983
1630.0,1630.0,0.0019382262
1631.0,1631.0,0.0014845917
1632.0,1632.0,0.6488382
1633.0,1633.0,0.016389405
1634.0,1634.0,0.19352524
1635.0,1635.0,5.29959E-4
1636.0,1636.0,3.7398475E-4
1637.0,1637.0,4.636689E-4
1638.0,1638.0,0.32519042
1639.0,1639.0,0.6409242
1640.0,1640.0,0.6117933
1641.0,1641.0,0.31052968
1642.0,1642.0,0.020698255
1643.0,1643.0,5.1005493E-4
1644.0,1644.0,0.42815763
1645.0,1645.0,0.0014925213
1646.0,1646.0,5.054802E-4
1647.0,1647.0,0.0055876365
1648.0,1648.0,0.00529833
1649.0,1649.0,0.5413598
1650.0,1650.0,0.0013911267
1651.0,1651.0,0.013480807
1652.0,1652.0,0.0056040427
1653.0,1653.0,0.122316055
1654.0,1654.0,0.20519772
1655.0,1655.0,0.69352746
1656.0,1656.0,0.0022466537
1657.0,1657.0,4.8896443E-4
1658.0,1658.0,0.0014496641
1659.0,1659.0,0.0018054879
1660.0,1660.0,0.015889969
1661.0,1661.0,4.8549162E-4
1662.0,1662.0,0.17513439
1663.0,1663.0,0.002199538
1664.0,1664.0,0.30703506
1665.0,1665.0,4.9079885E-4
1666.0,1666.0,0.52702713
1667.0,1667.0,0.009712235
1668.0,1668.0,0.0021709558
1669.0,1669.0,0.004491995
1670.0,1670.0,0.0025522287
1671.0,1671.0,0.004755082
1672.0,1672.0,0.0021559338
1673.0,1673.0,0.6767124
1674.0,1674.0,0.5046929
1675.0,1675.0,0.035955824
1676.0,1676.0,0.0013148795
1677.0,1677.0,4.900935E-4
1678.0,1678.0,5.2688E-4
1679.0,1679.0,0.0054756803
1680.0,1680.0,0.030331023
1681.0,1681.0,0.5672206
1682.0,1682.0,0.0010802824
1683.0,1683.0,0.005504959
1684.0,1684.0,0.010818323
1685.0,1685.0,0.17190722
1686.0,1686.0,0.34705132
1687.0,1687.0,0.4469532
1688.0,1688.0,0.032357246
1689.0,1689.0,0.0013519174
1690.0,1690.0,0.14782217
1691.0,1691.0,0.6036671
1692.0,1692.0,0.014045663
1693.0,1693.0,5.3645595E-4
1694.0,1694.0,4.7043787E-4
1695.0,1695.0,4.743251E-4
1696.0,1696.0,0.1052824
1697.0,1697.0,0.0014968675
1698.0,1698.0,0.39750287
1699.0,1699.0,0.0013434569
1700.0,1700.0,0.0012918947
1701.0,1701.0,0.69328845
1702.0,1702.0,0.0035584727
1703.0,1703.0,0.0019410321
1704.0,1704.0,0.6022043
1705.0,1705.0,5.077747E-4
1706.0,1706.0,0.033532884
1707.0,1707.0,4.9750216E-4
1708.0,1708.0,0.0016396871
1709.0,1709.0,0.010103198
1710.0,1710.0,0.003525351
1711.0,1711.0,0.03522525
1712.0,1712.0,0.0056895837
1713.0,1713.0,5.181661E-4
1714.0,1714.0,4.691899E-4
1715.0,1715.0,0.3056877
1716.0,1716.0,0.028379923
1717.0,1717.0,0.1909061
1718.0,1718.0,5.379562E-4
1719.0,1719.0,0.0019520674
1720.0,1720.0,0.0013427781
1721.0,1721.0,0.0015728293
1722.0,1722.0,0.0014850247
1723.0,1723.0,0.021745017
1724.0,1724.0,0.4613903
1725.0,1725.0,4.9228984E-4
1726.0,1726.0,0.011366522
1727.0,1727.0,8.545159E-4
1728.0,1728.0,0.12967618
1729.0,1729.0,0.47491166
1730.0,1730.0,4.8262803E-4
1731.0,1731.0,0.0013771767
1732.0,1732.0,0.024343332
1733.0,1733.0,0.12329504
1734.0,1734.0,0.001784904
1735.0,1735.0,0.0036257654
1736.0,1736.0,0.003042263
1737.0,1737.0,0.318218
1738.0,1738.0,0.53975564
1739.0,1739.0,0.65351975
1740.0,1740.0,5.114062E-4
1741.0,1741.0,0.009822431
1742.0,1742.0,0.18229711
1743.0,1743.0,0.0013678313
1744.0,1744.0,0.07621915
1745.0,1745.0,0.0059969043
1746.0,1746.0,0.0048001227
1747.0,1747.0,0.0014758486
1748.0,1748.0,0.31362846
1749.0,1749.0,0.09997862
1750.0,1750.0,0.28174564
1751.0,1751.0,0.312264
1752.0,1752.0,0.55005115
1753.0,1753.0,0.45334327
1754.0,1754.0,0.33483008
1755.0,1755.0,0.023492964
1756.0,1756.0,4.7773344E-4
1757.0,1757.0,0.0054814224
1758.0,1758.0,4.7660188E-4
1759.0,1759.0,0.3062934
1760.0,1760.0,0.25634956
1761.0,1761.0,7.9449196E-4
1762.0,1762.0,0.020899577
1763.0,1763.0,0.004699734
1764.0,1764.0,0.30917183
1765.0,1765.0,5.7584577E-4
1766.0,1766.0,0.039103054
1767.0,1767.0,0.0016981428
1768.0,1768.0,4.8172733E-4
1769.0,1769.0,0.0012799716
1770.0,1770.0,0.009864346
1771.0,1771.0,0.47471493
1772.0,1772.0,5.0033E-4
1773.0,1773.0,0.61859274
1774.0,1774.0,7.422377E-4
1775.0,1775.0,0.62902075
1776.0,1776.0,0.117358975
1777.0,1777.0,0.52874744
1778.0,1778.0,0.0013405182
1779.0,1779.0,0.004809798
1780.0,1780.0,0.2549584
1781.0,1781.0,0.29732203
1782.0,1782.0,0.19824366
1783.0,1783.0,0.20032664
1784.0,1784.0,0.0013554912
1785.0,1785.0,0.016234977
1786.0,1786.0,4.360596E-4
1787.0,1787.0,4.783427E-4
1788.0,1788.0,0.002116706
1789.0,1789.0,0.0076017855
1790.0,1790.0,3.816377E-4
1791.0,1791.0,4.9207866E-4
1792.0,1792.0,5.997432E-4
1793.0,1793.0,0.65591866
1794.0,1794.0,0.014362703
1795.0,1795.0,0.69923294
1796.0,1796.0,0.0018791278
1797.0,1797.0,0.0014236344
1798.0,1798.0,0.13744931
1799.0,1799.0,0.063326724
1800.0,1800.0,0.14895393
1801.0,1801.0,0.004814272
1802.0,1802.0,0.14919168
1803.0,1803.0,0.6552619
1804.0,1804.0,0.69444686
1805.0,1805.0,0.021774339
1806.0,1806.0,0.15908617
1807.0,1807.0,0.11624732
1808.0,1808.0,0.022755168
1809.0,1809.0,0.0012465527
1810.0,1810.0,4.795361E-4
1811.0,1811.0,4.5562742E-4
1812.0,1812.0,0.088504165
1813.0,1813.0,0.022171
1814.0,1814.0,4.9909163E-4
1815.0,1815.0,0.6550016
1816.0,1816.0,0.069182426
1817.0,1817.0,0.16834469
1818.0,1818.0,0.50598633
1819.0,1819.0,0.18821757
1820.0,1820.0,4.7895627E-4
1821.0,1821.0,0.0225627
1822.0,1822.0,0.06800193
1823.0,1823.0,0.0014476982
1824.0,1824.0,0.03603766
1825.0,1825.0,0.014773932
1826.0,1826.0,0.0055843764
1827.0,1827.0,4.8361067E-4
1828.0,1828.0,0.6370342
1829.0,1829.0,0.0019983612
1830.0,1830.0,0.3169381
1831.0,1831.0,0.23438235
1832.0,1832.0,0.0013339947
1833.0,1833.0,0.0058368347
1834.0,1834.0,4.971646E-4
1835.0,1835.0,0.53000337
1836.0,1836.0,0.0013727813
1837.0,1837.0,0.2018432
1838.0,1838.0,0.0051904987
1839.0,1839.0,0.0011912342
1840.0,1840.0,0.00192666
1841.0,1841.0,0.0017111369
1842.0,1842.0,4.0984337E-4
1843.0,1843.0,0.004411487
1844.0,1844.0,0.363638
1845.0,1845.0,0.01292691
1846.0,1846.0,0.005653023
1847.0,1847.0,0.13720934
1848.0,1848.0,0.02261548
1849.0,1849.0,0.0013423952
1850.0,1850.0,0.33996817
1851.0,1851.0,3.9828054E-4
1852.0,1852.0,4.7051732E-4
1853.0,1853.0,0.52844954
1854.0,1854.0,0.0046878583
1855.0,1855.0,0.03296393
1856.0,1856.0,0.6908581
1857.0,1857.0,0.02135334
1858.0,1858.0,0.34435734
1859.0,1859.0,0.0033420334
1860.0,1860.0,0.024568463
1861.0,1861.0,0.06327722
1862.0,1862.0,5.176874E-4
1863.0,1863.0,3.611902E-4
1864.0,1864.0,0.27521706
1865.0,1865.0,0.014234759
1866.0,1866.0,4.4188366E-4
1867.0,1867.0,0.0018610747
1868.0,1868.0,0.0014848437
1869.0,1869.0,0.08847592
1870.0,1870.0,0.60636747
1871.0,1871.0,0.0014703622
1872.0,1872.0,4.923477E-4
1873.0,1873.0,7.793279E-4
1874.0,1874.0,7.910108E-4
1875.0,1875.0,0.3799496
1876.0,1876.0,0.6820637
1877.0,1877.0,4.7006863E-4
1878.0,1878.0,0.20438251
1879.0,1879.0,0.18199609
1880.0,1880.0,4.883204E-4
1881.0,1881.0,0.0013565777
1882.0,1882.0,0.05242921
1883.0,1883.0,4.630636E-4
1884.0,1884.0,0.03600761
1885.0,1885.0,0.0045669526
1886.0,1886.0,4.8023096E-4
1887.0,1887.0,4.8499202E-4
1888.0,1888.0,0.0023145345
1889.0,1889.0,0.0014598889
1890.0,1890.0,0.3173994
1891.0,1891.0,0.65593994
1892.0,1892.0,0.24015495
1893.0,1893.0,0.6804871
1894.0,1894.0,5.291707E-4
1895.0,1895.0,0.56395465
1896.0,1896.0,0.0012857729
1897.0,1897.0,0.002658707
1898.0,1898.0,0.021014681
1899.0,1899.0,5.1161833E-4
1900.0,1900.0,4.881682E-4
1901.0,1901.0,0.22174512
1902.0,1902.0,0.005175142
1903.0,1903.0,0.0013798224
1904.0,1904.0,0.0013513938
1905.0,1905.0,0.010288654
1906.0,1906.0,0.14091028
1907.0,1907.0,0.001908912
1908.0,1908.0,0.0036200208
1909.0,1909.0,0.024296595
1910.0,1910.0,0.0026468046
1911.0,1911.0,5.41538E-4
1912.0,1912.0,0.0022545103
1913.0,1913.0,0.57012546
1914.0,1914.0,0.0013795217
1915.0,1915.0,4.937788E-4
1916.0,1916.0,0.0013826549
1917.0,1917.0,0.013834179
1918.0,1918.0,0.121164545
1919.0,1919.0,7.423997E-4
1920.0,1920.0,4.6179732E-4
1921.0,1921.0,0.59875673
1922.0,1922.0,0.14125417
1923.0,1923.0,6.700881E-4
1924.0,1924.0,0.13026609
1925.0,1925.0,0.01358962
1926.0,1926.0,0.001254984
1927.0,1927.0,0.0019451724
1928.0,1928.0,0.07878609
1929.0,1929.0,0.0013872482
1930.0,1930.0,0.3166952
1931.0,1931.0,5.192464E-4
1932.0,1932.0,0.004951363
1933.0,1933.0,4.7773978E-4
1934.0,1934.0,0.407968
1935.0,1935.0,0.002263945
1936.0,1936.0,0.0019982485
1937.0,1937.0,0.56105906
1938.0,1938.0,0.34363052
1939.0,1939.0,6.499339E-4
1940.0,1940.0,0.25027713
1941.0,1941.0,0.0014761472
1942.0,1942.0,0.0054452834
1943.0,1943.0,0.58811533
1944.0,1944.0,0.6850693
1945.0,1945.0,0.0021018733
1946.0,1946.0,0.025616847
1947.0,1947.0,3.3880226E-4
1948.0,1948.0,4.972254E-4
1949.0,1949.0,0.6604358
1950.0,1950.0,0.5633781
1951.0,1951.0,0.63960123
1952.0,1952.0,4.908047E-4
1953.0,1953.0,0.0020685736
1954.0,1954.0,0.0013768697
1955.0,1955.0,0.61107403
1956.0,1956.0,0.0012850412
1957.0,1957.0,0.041677404
1958.0,1958.0,0.12537377
1959.0,1959.0,0.030263314
1960.0,1960.0,0.66142684
1961.0,1961.0,4.7849322E-4
1962.0,1962.0,0.0010315734
1963.0,1963.0,0.0012906883
1964.0,1964.0,0.0019935598
1965.0,1965.0,0.0014625422
1966.0,1966.0,0.0050111115
1967.0,1967.0,0.6084579
1968.0,1968.0,0.3081529
1969.0,1969.0,4.8514275E-4
1970.0,1970.0,7.6937047E-4
1971.0,1971.0,3.6658478E-4
1972.0,1972.0,0.002183465
1973.0,1973.0,4.945379E-4
1974.0,1974.0,0.0019352207
1975.0,1975.0,0.0050023757
1976.0,1976.0,5.182338E-4
1977.0,1977.0,0.0015390423
1978.0,1978.0,0.07593135
1979.0,1979.0,4.6519825E-4
1980.0,1980.0,0.10237696
1981.0,1981.0,0.0019004975
1982.0,1982.0,0.040981688
1983.0,1983.0,0.21009292
1984.0,1984.0,0.004631686
1985.0,1985.0,0.52692103
1986.0,1986.0,0.0011626132
1987.0,1987.0,0.4172342
1988.0,1988.0,0.46334594
1989.0,1989.0,0.10217658
1990.0,1990.0,0.0143505195
1991.0,1991.0,0.2694574
1992.0,1992.0,0.001411157
1993.0,1993.0,0.007577603
1994.0,1994.0,3.7928522E-4
1995.0,1995.0,5.1108625E-4
1996.0,1996.0,0.0014862466
1997.0,1997.0,0.25626
1998.0,1998.0,0.0018909482
1999.0,1999.0,0.62811863
2000.0,2000.0,0.005024766
2001.0,2001.0,0.5795094
2002.0,2002.0,8.509975E-4
2003.0,2003.0,0.007181895
2004.0,2004.0,0.20457114
2005.0,2005.0,0.12825853
2006.0,2006.0,0.22034149
2007.0,2007.0,0.0019351332
2008.0,2008.0,0.0013804425
2009.0,2009.0,0.0036914751
2010.0,2010.0,4.8528923E-4
2011.0,2011.0,0.0020956236
2012.0,2012.0,0.18446593
2013.0,2013.0,0.0014697796
2014.0,2014.0,0.20303522
2015.0,2015.0,0.0020846506
2016.0,2016.0,0.003485582
2017.0,2017.0,0.005380764
2018.0,2018.0,0.036213394
2019.0,2019.0,4.859233E-4
2020.0,2020.0,0.008948843
2021.0,2021.0,3.1051462E-4
2022.0,2022.0,0.0010623811
2023.0,2023.0,0.698813
2024.0,2024.0,0.11972425
2025.0,2025.0,0.07691469
2026.0,2026.0,0.0018951856
2027.0,2027.0,0.0048678676
2028.0,2028.0,5.392201E-4
2029.0,2029.0,0.14535081
2030.0,2030.0,0.0137551
2031.0,2031.0,0.10506873
2032.0,2032.0,0.7008765
2033.0,2033.0,0.54708487
2034.0,2034.0,0.005260176
2035.0,2035.0,0.2880424
2036.0,2036.0,0.62082726
2037.0,2037.0,0.0110102575
2038.0,2038.0,4.999856E-4
2039.0,2039.0,0.09014993
2040.0,2040.0,0.12914723
2041.0,2041.0,0.20648637
2042.0,2042.0,0.100037254
2043.0,2043.0,0.0012724859
2044.0,2044.0,0.68656844
2045.0,2045.0,0.457027
2046.0,2046.0,4.485432E-4
2047.0,2047.0,0.003921058
2048.0,2048.0,0.01593806
2049.0,2049.0,4.7507885E-4
2050.0,2050.0,0.029065035
2051.0,2051.0,2.6783883E-4
2052.0,2052.0,0.21064317
2053.0,2053.0,0.43237698
2054.0,2054.0,0.19972894
2055.0,2055.0,0.0133753335
2056.0,2056.0,0.11684861
2057.0,2057.0,0.54363126
2058.0,2058.0,0.25388497
2059.0,2059.0,0.002099805
2060.0,2060.0,5.400687E-4
2061.0,2061.0,0.10815915
2062.0,2062.0,0.6705017
2063.0,2063.0,0.0011143069
2064.0,2064.0,0.18550313
2065.0,2065.0,3.340523E-4
2066.0,2066.0,4.9593527E-4
2067.0,2067.0,0.001314912
2068.0,2068.0,7.66194E-4
2069.0,2069.0,0.0016055078
2070.0,2070.0,0.0052569117
2071.0,2071.0,0.31598318
2072.0,2072.0,0.093414046
2073.0,2073.0,0.18896729
2074.0,2074.0,4.8228152E-4
2075.0,2075.0,0.09280999
2076.0,2076.0,0.68189
2077.0,2077.0,0.01864439
2078.0,2078.0,0.0014323838
2079.0,2079.0,0.15512852
2080.0,2080.0,0.043229606
2081.0,2081.0,0.005946391
2082.0,2082.0,0.022374755
2083.0,2083.0,0.0023068874
2084.0,2084.0,4.5399624E-4
2085.0,2085.0,0.08138838
2086.0,2086.0,0.041110363
2087.0,2087.0,0.0012205242
2088.0,2088.0,0.6375953
2089.0,2089.0,0.21065266
2090.0,2090.0,0.0014126401
2091.0,2091.0,0.0010639108
2092.0,2092.0,0.020949345
2093.0,2093.0,0.004214226
2094.0,2094.0,0.0055828574
2095.0,2095.0,4.9932295E-4
2096.0,2096.0,0.5546962
2097.0,2097.0,5.2286533E-4
2098.0,2098.0,0.23595612
2099.0,2099.0,0.0019489971
2100.0,2100.0,0.637637
2101.0,2101.0,4.7966558E-4
2102.0,2102.0,0.56255865
2103.0,2103.0,0.021283844
2104.0,2104.0,0.0019586426
2105.0,2105.0,0.63822764
2106.0,2106.0,3.428389E-4
2107.0,2107.0,0.0012319513
2108.0,2108.0,0.022427635
2109.0,2109.0,4.0634407E-4
2110.0,2110.0,0.00477419
2111.0,2111.0,0.004388098
2112.0,2112.0,4.3926048E-4
2113.0,2113.0,0.22920632
2114.0,2114.0,4.936873E-4
2115.0,2115.0,5.1311235E-4
2116.0,2116.0,0.6175777
2117.0,2117.0,0.6329848
2118.0,2118.0,0.14257812
2119.0,2119.0,0.0022142485
2120.0,2120.0,0.04553903
2121.0,2121.0,0.69289815
2122.0,2122.0,0.690349
2123.0,2123.0,0.0049833683
2124.0,2124.0,0.31965497
2125.0,2125.0,0.0015089238
2126.0,2126.0,0.0014107045
2127.0,2127.0,0.56371194
2128.0,2128.0,0.14743854
2129.0,2129.0,0.06796835
2130.0,2130.0,0.13115999
2131.0,2131.0,4.8512744E-4
2132.0,2132.0,0.044507653
2133.0,2133.0,0.0020776612
2134.0,2134.0,0.00970127
2135.0,2135.0,0.0583395
2136.0,2136.0,0.30496466
2137.0,2137.0,0.5822162
2138.0,2138.0,3.5699946E-4
2139.0,2139.0,0.0031474892
2140.0,2140.0,0.017241925
2141.0,2141.0,0.0060164123
2142.0,2142.0,0.021843918
2143.0,2143.0,0.0020627545
2144.0,2144.0,0.004485299
2145.0,2145.0,0.013059758
2146.0,2146.0,0.27159354
2147.0,2147.0,0.001934297
2148.0,2148.0,0.0015375912
2149.0,2149.0,5.1910704E-4
2150.0,2150.0,0.01392195
2151.0,2151.0,0.21492003
2152.0,2152.0,0.0019055445
2153.0,2153.0,0.56071717
2154.0,2154.0,0.040321603
2155.0,2155.0,0.18302108
2156.0,2156.0,0.041073926
2157.0,2157.0,4.1045417E-4
2158.0,2158.0,0.0019254113
2159.0,2159.0,0.0019885811
2160.0,2160.0,0.08208113
2161.0,2161.0,0.023622233
2162.0,2162.0,0.0031888054
2163.0,2163.0,0.097617865
2164.0,2164.0,4.927535E-4
2165.0,2165.0,0.0013973017
2166.0,2166.0,0.69668347
2167.0,2167.0,0.012637465
2168.0,2168.0,0.0048001027
2169.0,2169.0,0.0019193927
2170.0,2170.0,0.6056228
2171.0,2171.0,0.001894452
2172.0,2172.0,0.0014420951
2173.0,2173.0,6.127034E-4
2174.0,2174.0,4.7787104E-4
2175.0,2175.0,0.002033808
2176.0,2176.0,0.62282026
2177.0,2177.0,0.14766708
2178.0,2178.0,0.41364765
