Raw value,Corresponding cumulative value,Corresponding Cloglog value,Fractional area,Training omission,Test omission
9.44855E-8,0.000009449,0.00025664,1,0,0
9.51617E-8,0.000018965,0.000258476,0.999769426,0,0
9.73325E-8,0.000028698,0.000264372,0.999538852,0,0
1.12811E-7,0.000060611,0.000306408,0.998847129,0,0
1.17884E-7,0.000106825,0.000320183,0.997924833,0,0
1.22791E-7,0.000251494,0.00033351,0.995157943,0,0
1.32984E-7,0.000508014,0.00036119,0.990546461,0,0
1.54528E-7,0.001008188,0.000419692,0.982476366,0,0
1.7677E-7,0.002517083,0.000480087,0.962185843,0,0
1.88383E-7,0.005018078,0.000511618,0.930366613,0,0
4.64368E-7,0.010013255,0.001260674,0.892321881,0,0
7.13493E-7,0.025031567,0.001936348,0.829836292,0,0
1.6842E-6,0.050024858,0.00456474,0.776804243,0,0
4.07094E-6,0.100055826,0.010997902,0.728383675,0.000462107,0
9.4608E-6,0.200666124,0.025373094,0.693566982,0.001848429,0
1.70464E-5,0.300468487,0.045251236,0.676043348,0.002772643,0
2.94617E-5,0.401219384,0.076914688,0.66612866,0.00323475,0
3.41013E-5,0.500210728,0.088475918,0.658980862,0.005545287,0
3.97585E-5,0.603035739,0.102376959,0.652524787,0.005545287,0
4.57417E-5,0.703059395,0.116848613,0.647221582,0.006007394,0
4.84866E-5,0.750110864,0.123409539,0.64491584,0.006007394,0
5.13128E-5,0.800259243,0.130113757,0.642610099,0.006007394,0
5.79482E-5,0.904924941,0.145653218,0.638229191,0.006931608,0
6.03309E-5,1.000034388,0.151165272,0.634540005,0.007393715,0
6.37822E-5,1.10527967,0.159086174,0.630620244,0.008780037,0
7.36004E-5,1.202589203,0.181218175,0.627392207,0.008780037,0
7.6302E-5,1.307370831,0.187205209,0.624164169,0.008780037,0
7.98224E-5,1.401232548,0.194941107,0.621397279,0.009704251,0
8.42523E-5,1.500786042,0.204571145,0.61863039,0.009704251,0
8.87558E-5,1.752054201,0.214242992,0.61194374,0.010628466,0
9.71203E-5,2.001297516,0.23189593,0.605718238,0.01155268,0
1.08986E-4,2.260811621,0.256260004,0.599953885,0.013401109,0
1.19883E-4,2.500748673,0.277953648,0.595111828,0.015249538,0
1.28916E-4,2.750877397,0.295456457,0.590500346,0.018022181,0
1.35611E-4,3.004169291,0.308152908,0.586119437,0.020332717,0
1.43577E-4,3.255448887,0.322964451,0.581969103,0.020794824,0
1.50787E-4,3.505774936,0.336095923,0.578049343,0.021256932,0
1.62017E-4,3.756034111,0.356044198,0.574360157,0.024491682,0
1.68014E-4,4.002459584,0.366449809,0.570901545,0.026802218,0
1.74532E-4,4.260571385,0.377567436,0.567442933,0.030961183,0
1.85001E-4,4.511095942,0.395019654,0.564214895,0.032347505,0
1.92995E-4,4.757328184,0.408015813,0.561217431,0.035120148,0
1.98601E-4,5.011656259,0.416963067,0.558219968,0.038817006,0
2.05834E-4,5.25448158,0.428307017,0.555453078,0.040203327,0
2.18076E-4,5.510510413,0.447006626,0.552686189,0.041127542,0
2.27308E-4,5.755067023,0.460702828,0.550149873,0.043900185,0
2.32098E-4,6.007887242,0.467675285,0.547613558,0.047134935,0
2.36187E-4,6.265018614,0.473554916,0.545077242,0.049907579,0
2.45486E-4,6.504255304,0.486687415,0.542771501,0.052680222,0
2.49749E-4,6.75274576,0.49259681,0.54046576,0.055914972,0
2.54378E-4,7.004497983,0.498937856,0.538160018,0.059149723,0
2.62528E-4,7.261730538,0.509909947,0.535854277,0.061922366,0
2.74397E-4,7.505626905,0.52545915,0.53377911,0.064695009,0
2.76641E-4,7.753572914,0.528342845,0.531703943,0.066081331,0
2.80454E-4,8.003476408,0.533203087,0.529628776,0.068391867,0
2.84599E-4,8.258083583,0.538429511,0.527553608,0.071626617,0
2.86461E-4,8.515010085,0.540759072,0.525478441,0.075323475,0
2.89417E-4,8.774338051,0.544431589,0.523403274,0.077634011,0
2.90969E-4,9.0066425,0.546348803,0.521558681,0.079020333,0
2.92154E-4,9.268992774,0.547806509,0.519483514,0.080406654,0
2.9459E-4,9.503906812,0.550789093,0.517638921,0.08271719,0
2.97845E-4,9.77131262,0.554743038,0.515563754,0.085951941,0
3.0114E-4,10.011102651,0.558710993,0.513719161,0.088724584,0
3.03104E-4,10.253040087,0.561059044,0.511874568,0.091497227,0
3.04691E-4,10.526806372,0.562948012,0.509799401,0.092883549,0
3.0554E-4,10.770858485,0.563954645,0.507954807,0.095656192,0
3.07601E-4,11.016342437,0.566388813,0.506110214,0.097966728,0
3.10209E-4,11.263679763,0.56945028,0.504265621,0.100277264,0
3.13527E-4,11.513293479,0.573313211,0.502421028,0.1025878,0
3.14551E-4,11.764623956,0.574498328,0.500576435,0.105822551,0
3.18238E-4,12.017675757,0.578739327,0.498731842,0.10767098,0
3.19753E-4,12.272865346,0.580469658,0.496887249,0.109057301,0
3.21043E-4,12.529155573,0.581937262,0.495042656,0.111367837,0
3.22453E-4,12.754366583,0.583534566,0.493428637,0.112754159,0
3.23525E-4,13.012800179,0.584745737,0.491584044,0.115988909,0
3.2464E-4,13.272120842,0.586001813,0.489739451,0.117837338,0
3.26127E-4,13.500048615,0.587670459,0.488125432,0.121072089,0
3.2854E-4,13.761865788,0.590364953,0.486280839,0.12245841,0
3.32034E-4,14.026118364,0.594234994,0.484436246,0.125231054,0
3.3337E-4,14.258859021,0.595704739,0.482822227,0.128003697,0
3.33917E-4,14.525780929,0.596305277,0.480977634,0.13077634,0
3.35919E-4,14.76030102,0.598494344,0.479363615,0.132162662,0
3.36875E-4,15.029495062,0.59953586,0.477519022,0.134011091,0
3.38186E-4,15.265848173,0.600959564,0.475905003,0.136783734,0
3.39366E-4,15.503093588,0.60223653,0.474290985,0.138632163,0
3.40505E-4,15.775133424,0.60346554,0.472446392,0.140942699,0
3.41613E-4,16.013802222,0.604657325,0.470832373,0.142791128,0
3.42376E-4,16.253239217,0.60547564,0.469218354,0.145101664,0
3.44739E-4,16.528134684,0.608000301,0.467373761,0.146950092,0
3.45992E-4,16.769991973,0.609331851,0.465759742,0.149260628,0
3.46796E-4,17.012506042,0.610183983,0.464145723,0.152495379,0
3.48434E-4,17.256044184,0.611915418,0.462531704,0.154805915,0
3.49514E-4,17.500475878,0.613052101,0.460917685,0.156192237,0
3.50378E-4,17.780411056,0.613959165,0.459073092,0.159889094,0
3.50896E-4,18.025885013,0.614502256,0.457459073,0.16219963,0
3.51419E-4,18.271749389,0.615049736,0.455845054,0.165434381,0
3.52014E-4,18.51800291,0.615670705,0.454231035,0.168669131,0
3.52851E-4,18.764794961,0.616544315,0.452617016,0.170979667,0
3.53742E-4,19.012170935,0.617471322,0.451002997,0.173752311,0
3.541E-4,19.259957634,0.617842888,0.449388979,0.176524954,0
3.54585E-4,19.508077971,0.618345712,0.44777496,0.179297597,0
3.54823E-4,19.756387697,0.618592729,0.446160941,0.18207024,0
3.55428E-4,20.005045253,0.619218408,0.444546922,0.184380776,0
3.55687E-4,20.253954963,0.619486977,0.442932903,0.186691312,0
3.5606E-4,20.503119436,0.619872496,0.441318884,0.189926063,0
3.56881E-4,20.752650722,0.620718683,0.439704865,0.193160813,0
3.57398E-4,21.002635208,0.621250968,0.438090846,0.195933457,0
3.58127E-4,21.253097145,0.622000904,0.436476827,0.199168207,0
3.58586E-4,21.503953294,0.622471091,0.434862808,0.201478743,0
3.59086E-4,21.755201721,0.622984247,0.433248789,0.202865065,0
3.59369E-4,22.006671598,0.623273799,0.431634771,0.205637708,0
3.59554E-4,22.258290773,0.623462737,0.430020752,0.208410351,0
3.60079E-4,22.510157775,0.62399992,0.428406733,0.211645102,0
3.60669E-4,22.762474392,0.624602183,0.426792714,0.214417745,0
3.60941E-4,23.015062472,0.62487925,0.425178695,0.217190388,0
3.61681E-4,23.267941242,0.625632789,0.423564676,0.219963031,0
3.62042E-4,23.521281387,0.625998902,0.421950657,0.222735675,0
3.62644E-4,23.774947043,0.626610347,0.420336638,0.225046211,0
3.6307E-4,24.02898672,0.627042467,0.418722619,0.227818854,0
3.63368E-4,24.283213147,0.627343961,0.4171086,0.230591497,0
3.6392E-4,24.501382384,0.627902279,0.415725156,0.232439926,0
3.64672E-4,24.756462724,0.628662124,0.414111137,0.234288355,0
3.65249E-4,25.011947838,0.629243275,0.412497118,0.237060998,0
3.65932E-4,25.26791745,0.629930649,0.410883099,0.239371534,0
3.66982E-4,25.524567671,0.630984343,0.40926908,0.242144177,0
3.67415E-4,25.781575857,0.631418079,0.407655061,0.244916821,0
3.67711E-4,26.002137701,0.631714706,0.406271616,0.247689464,0
3.68036E-4,26.25968766,0.632040035,0.404657597,0.250462107,0
3.68506E-4,26.517575401,0.63250944,0.403043579,0.25323475,0
3.69387E-4,26.775794756,0.633388177,0.40142956,0.255083179,0
3.69901E-4,27.034541725,0.633898935,0.399815541,0.25831793,0
3.71303E-4,27.256907635,0.635291116,0.398432096,0.260628466,0
3.71627E-4,27.516980184,0.635612189,0.396818077,0.263401109,0
3.72354E-4,27.777430155,0.636330953,0.395204058,0.266173752,0
3.73222E-4,28.001129399,0.637187204,0.393820613,0.268022181,0
3.73465E-4,28.262501643,0.637426787,0.392206594,0.270332717,0
3.7408E-4,28.524169644,0.638031915,0.390592576,0.272643253,0
3.7483E-4,28.786228845,0.63876829,0.388978557,0.275415896,0
3.75251E-4,29.011299539,0.639181283,0.387595112,0.27818854,0
3.76274E-4,29.274306807,0.640182442,0.385981093,0.280961183,0
3.76632E-4,29.500165976,0.640532726,0.384597648,0.283733826,0
3.76854E-4,29.763930637,0.640749752,0.382983629,0.28650647,0
3.77293E-4,30.027885817,0.641177805,0.38136961,0.288817006,0
3.77748E-4,30.25443428,0.64162061,0.379986166,0.291127542,0
3.78331E-4,30.519146545,0.642188124,0.378372147,0.294362292,0
3.78586E-4,30.784094001,0.642435957,0.376758128,0.297134935,0
3.7902E-4,31.011345821,0.642856995,0.375374683,0.299907579,0
3.79591E-4,31.276859995,0.643410977,0.373760664,0.303142329,0
3.80027E-4,31.504804144,0.643832399,0.372377219,0.305452865,0
3.80564E-4,31.771087652,0.644351931,0.3707632,0.308687616,0
3.80951E-4,32.037616476,0.64472573,0.369149181,0.311460259,0
3.81433E-4,32.266362395,0.645190765,0.367765737,0.313770795,0
3.81769E-4,32.53351762,0.645513656,0.366151718,0.317005545,0
3.82432E-4,32.762747357,0.646152346,0.364768273,0.319778189,0
3.8293E-4,33.030676282,0.646630226,0.363154254,0.323012939,0
3.8343E-4,33.260622907,0.647109569,0.361770809,0.325785582,0
3.8402E-4,33.529272676,0.647675553,0.36015679,0.329020333,0
3.84271E-4,33.759766263,0.647914901,0.358773346,0.331792976,0
3.84833E-4,34.028935354,0.648452315,0.357159327,0.335027726,0
3.85237E-4,34.259956905,0.64883822,0.355775882,0.337338262,0
3.8678E-4,34.530140096,0.650306865,0.354161863,0.339648799,0
3.87345E-4,34.762399428,0.650843345,0.352778418,0.342421442,0
3.88516E-4,35.034150754,0.651952505,0.351164399,0.345194085,0
3.89507E-4,35.267548405,0.652887427,0.349780955,0.347966728,0
3.9018E-4,35.501536304,0.653521691,0.34839751,0.348428835,0
3.90532E-4,35.774776993,0.653852545,0.346783491,0.351201479,0
3.91184E-4,36.009297362,0.654465774,0.345400046,0.353512015,0
3.92099E-4,36.283567383,0.655322824,0.343786027,0.355360444,0
3.92602E-4,36.518971559,0.655793684,0.342402582,0.358133087,0
3.93732E-4,36.75476405,0.656849042,0.341019138,0.359981516,0
3.94692E-4,37.030786539,0.657742986,0.339405119,0.362754159,0
3.95254E-4,37.267795451,0.65826458,0.338021674,0.365526802,0
3.95796E-4,37.505146456,0.6587679,0.336638229,0.368299445,0
3.96617E-4,37.782573797,0.659527393,0.33502421,0.370147874,0
3.97165E-4,38.020726829,0.660034255,0.333640766,0.37245841,0
3.97999E-4,38.259243619,0.660803539,0.332257321,0.374768946,0
3.99157E-4,38.538236522,0.661868741,0.330643302,0.37754159,0
3.99708E-4,38.777973116,0.662374557,0.329259857,0.380314233,0
4.0023E-4,39.01795495,0.662852931,0.327876412,0.382624769,0
4.00694E-4,39.258182602,0.663277955,0.326492967,0.385397412,0
4.015E-4,39.539006051,0.664014667,0.324878949,0.388632163,0
4.02054E-4,39.780094017,0.664519222,0.323495504,0.391404806,0
4.02932E-4,40.021717049,0.665318479,0.322112059,0.394177449,0
4.03729E-4,40.263746314,0.666042945,0.320728614,0.396487985,0
4.04413E-4,40.506174385,0.666662627,0.319345169,0.398798521,0
4.05007E-4,40.7895112,0.667200075,0.317731151,0.402033272,0
4.05286E-4,41.032608591,0.667451665,0.316347706,0.404805915,0
4.06089E-4,41.276059528,0.668176787,0.314964261,0.407578558,0
4.06599E-4,41.519930281,0.668635972,0.313580816,0.410351201,0
4.06834E-4,41.763957879,0.6688473,0.312197371,0.413123845,0
4.07443E-4,42.008296812,0.669395229,0.310813927,0.415434381,0
4.07751E-4,42.252874931,0.669671883,0.309430482,0.417744917,0
4.08099E-4,42.538459407,0.669983185,0.307816463,0.420979667,0
4.08488E-4,42.783503981,0.67033218,0.306433018,0.423290203,0
4.08826E-4,43.028702277,0.670634859,0.305049573,0.425600739,0
4.09143E-4,43.274105599,0.670918285,0.303666129,0.428373383,0
4.09544E-4,43.519738235,0.671276472,0.302282684,0.431146026,0
4.09766E-4,43.765542333,0.671474226,0.300899239,0.433456562,0
4.10113E-4,44.011504512,0.671784202,0.299515794,0.436229205,0
4.10451E-4,44.257705859,0.672085237,0.29813235,0.439001848,0
4.10823E-4,44.504095115,0.672416976,0.296748905,0.441774492,0
4.11505E-4,44.750823223,0.673023162,0.29536546,0.444547135,0
4.1171E-4,45.038966169,0.673205118,0.293751441,0.447781885,0
4.12109E-4,45.286101446,0.673559112,0.292367996,0.450092421,0
4.12394E-4,45.533489139,0.673811997,0.290984552,0.452402957,0
4.12706E-4,45.781046955,0.674087746,0.289601107,0.455175601,0
4.13041E-4,46.028816499,0.674384894,0.288217662,0.457948244,0
4.13202E-4,46.27670091,0.674526509,0.286834217,0.46025878,0
4.13478E-4,46.52469024,0.674771157,0.285450772,0.463031423,0
4.13926E-4,46.772942098,0.675166625,0.284067328,0.465804067,0
4.14244E-4,47.021382031,0.675446414,0.282683883,0.46857671,0
4.14452E-4,47.270024098,0.675630198,0.281300438,0.470887246,0
4.14635E-4,47.518771848,0.675791266,0.279916993,0.473659889,0
4.14828E-4,47.767604344,0.675961614,0.278533549,0.476432532,0
4.15084E-4,48.016615005,0.676187009,0.277150104,0.479205176,0
4.15215E-4,48.265710672,0.676301965,0.275766659,0.481515712,0
4.15329E-4,48.514872095,0.676402398,0.274383214,0.483826248,0
4.15589E-4,48.764159171,0.67663063,0.272999769,0.486598891,0
4.15729E-4,49.013553423,0.676753174,0.271616325,0.488909427,0
4.1591E-4,49.263045614,0.676912533,0.27023288,0.49168207,0
4.16005E-4,49.512634132,0.676995508,0.268849435,0.494454713,0
4.16342E-4,49.762355489,0.677291423,0.26746599,0.497227357,0
4.16501E-4,50.012212718,0.677430484,0.266082546,0.499537893,0
4.16654E-4,50.26215838,0.677564292,0.264699101,0.501848429,0
4.16762E-4,50.512186241,0.677658911,0.263315656,0.504621072,0
4.17143E-4,50.76239123,0.677993018,0.261932211,0.507393715,0
4.17318E-4,51.012731365,0.678145819,0.260548766,0.510166359,0
4.17601E-4,51.26323053,0.678392739,0.259165322,0.512939002,0
4.17713E-4,51.513830914,0.678490535,0.257781877,0.515249538,0
4.1788E-4,51.764524438,0.678636878,0.256398432,0.517560074,0
4.18168E-4,52.015353161,0.678888379,0.255014987,0.51987061,0
4.18507E-4,52.266387226,0.679183913,0.253631543,0.522643253,0
4.18714E-4,52.51755353,0.679364176,0.252248098,0.525415896,0
4.18873E-4,52.768845214,0.67950291,0.250864653,0.527726433,0
4.19002E-4,53.020203174,0.679614608,0.249481208,0.530499076,0
4.19092E-4,53.271629719,0.679693104,0.248097763,0.533271719,0
4.19231E-4,53.523141375,0.679813905,0.246714319,0.536044362,0
4.19334E-4,53.774712168,0.679903833,0.245330874,0.538817006,0
4.19469E-4,54.026349212,0.680020872,0.243947429,0.541589649,0
4.19659E-4,54.278077701,0.680186097,0.242563984,0.544362292,0
4.19804E-4,54.529936204,0.68031204,0.24118054,0.547134935,0
4.19947E-4,54.781856997,0.680436097,0.239797095,0.549445471,0
4.20121E-4,55.033883161,0.680587142,0.23841365,0.5512939,0
4.20307E-4,55.286000574,0.680748286,0.237030205,0.553604436,0
4.2052E-4,55.538270998,0.680933119,0.23564676,0.555914972,0
4.2074E-4,55.790637109,0.681123538,0.234263316,0.558225508,0
4.20876E-4,56.001049161,0.681241954,0.233110445,0.560536044,0
4.2098E-4,56.253610651,0.681331366,0.231727,0.563308688,0
4.21331E-4,56.506314942,0.681635681,0.230343555,0.566081331,0
4.2162E-4,56.759222659,0.681885264,0.228960111,0.568391867,0
4.21763E-4,57.01225267,0.682008438,0.227576666,0.570702403,0
4.21925E-4,57.265375328,0.682148715,0.226193221,0.572550832,0
4.22164E-4,57.518584905,0.682354887,0.224809776,0.575323475,0
4.22225E-4,57.77190816,0.682407748,0.223426332,0.578096118,0
4.22319E-4,58.025279785,0.682489134,0.222042887,0.580868762,0
4.22459E-4,58.278721015,0.682609459,0.220659442,0.583641405,0
4.22575E-4,58.532227788,0.682709649,0.219275997,0.585951941,0
4.22673E-4,58.785800841,0.682794092,0.217892552,0.588724584,0
4.22913E-4,59.039452324,0.683000235,0.216509108,0.59103512,0
4.23025E-4,59.250948489,0.683097442,0.215356237,0.593345656,0
4.23159E-4,59.50481774,0.683212484,0.213972792,0.596118299,0
4.23346E-4,59.758771425,0.683373386,0.212589347,0.598890943,0
4.23462E-4,60.012821255,0.683473454,0.211205903,0.601201479,0
4.23603E-4,60.266946821,0.683593929,0.209822458,0.603974122,0
4.23683E-4,60.521140161,0.683663207,0.208439013,0.606746765,0
4.23894E-4,60.775412288,0.683844201,0.207055568,0.609519409,0
4.24074E-4,61.029797772,0.683998803,0.205672124,0.612292052,0
4.24236E-4,61.284301368,0.684138027,0.204288679,0.615064695,0
4.24443E-4,61.53889343,0.684315448,0.202905234,0.617837338,0
4.24562E-4,61.75114382,0.684417305,0.201752363,0.620147874,0
4.2479E-4,62.005993365,0.684612493,0.200368919,0.622920518,0
4.24931E-4,62.260910979,0.684733665,0.198985474,0.625693161,0
4.253E-4,62.515977777,0.685049155,0.197602029,0.628465804,0
4.25372E-4,62.771183182,0.685111284,0.196218584,0.63077634,0
4.25536E-4,63.026448301,0.685251534,0.194835139,0.633548983,0
4.25672E-4,63.281801123,0.68536793,0.193451695,0.636321627,0
4.25927E-4,63.53729829,0.685585363,0.19206825,0.638632163,0
4.26123E-4,63.750302187,0.685752613,0.190915379,0.640942699,0
4.26195E-4,64.006001983,0.685814746,0.189531935,0.643715342,0
4.26295E-4,64.261752904,0.685900047,0.18814849,0.646487985,0
4.2646E-4,64.517582175,0.686040541,0.186765045,0.649260628,0
4.26617E-4,64.773520211,0.686174707,0.1853816,0.652033272,0
4.26769E-4,65.029554916,0.686303538,0.183998155,0.654805915,0
4.26986E-4,65.285683381,0.68648854,0.182614711,0.657578558,0
4.27114E-4,65.54191737,0.68659734,0.181231266,0.659426987,0
4.27204E-4,65.755501317,0.686674084,0.180078395,0.661737523,0
4.27306E-4,66.011860233,0.686761188,0.17869495,0.664510166,0
4.27436E-4,66.268301843,0.686871627,0.177311506,0.66728281,0
4.27705E-4,66.524844817,0.687100176,0.175928061,0.670055453,0
4.27976E-4,66.781566597,0.687330589,0.174544616,0.672828096,0
4.28258E-4,67.038446859,0.687569807,0.173161171,0.675600739,0
4.28369E-4,67.252596685,0.687663935,0.172008301,0.677449168,0
4.28607E-4,67.509710671,0.687866148,0.170624856,0.680221811,0
4.28729E-4,67.766924118,0.687969819,0.169241411,0.682994455,0
4.29013E-4,68.024228205,0.688210308,0.167857966,0.685304991,0
4.29222E-4,68.281723969,0.688387498,0.166474522,0.687615527,0
4.2934E-4,68.539304296,0.688487195,0.165091077,0.69038817,0
4.29436E-4,68.754002449,0.688568623,0.163938206,0.692698706,0
4.29574E-4,69.011704247,0.688684688,0.162554761,0.695471349,0
4.29639E-4,69.269473992,0.688740017,0.161171317,0.697781885,0
4.29744E-4,69.52729577,0.688829125,0.159787872,0.700092421,0
4.2983E-4,69.785168118,0.688901303,0.158404427,0.702865065,0
4.29915E-4,70.000110035,0.688973094,0.157251556,0.705175601,0
4.30129E-4,70.258141197,0.689154015,0.155868112,0.707948244,0
4.30308E-4,70.516266772,0.689304957,0.154484667,0.710720887,0
4.30444E-4,70.774496405,0.689420047,0.153101222,0.71349353,0
4.30681E-4,71.03284619,0.689619539,0.151717777,0.716266174,0
4.3082E-4,71.291287517,0.689737164,0.150334332,0.719038817,0
4.30975E-4,71.50674263,0.689867647,0.149181462,0.721349353,0
4.31045E-4,71.765354033,0.68992704,0.147798017,0.724121996,0
4.31125E-4,72.024010523,0.689993856,0.146414572,0.72689464,0
4.31363E-4,72.282740583,0.690193964,0.145031128,0.729667283,0
4.31673E-4,72.54169208,0.690455239,0.143647683,0.731977819,0
4.31792E-4,72.757570442,0.690555476,0.142494812,0.734288355,0
4.32004E-4,73.016727934,0.69073301,0.141111367,0.736598891,0
4.32153E-4,73.275989935,0.690858104,0.139727923,0.739371534,0
4.32211E-4,73.535303146,0.690907625,0.138344478,0.741219963,0
4.32331E-4,73.751448619,0.691007801,0.137191607,0.743530499,0
4.32464E-4,74.010901899,0.691119814,0.135808162,0.746303142,0
4.32741E-4,74.270482024,0.691351962,0.134424718,0.749075786,0
4.32996E-4,74.530238539,0.691566029,0.133041273,0.751848429,0
4.33255E-4,74.790115012,0.691782991,0.131657828,0.754621072,0
4.33372E-4,75.006780545,0.691880784,0.130504957,0.756931608,0
4.33569E-4,75.266867117,0.692045346,0.129121513,0.759242144,0
4.34012E-4,75.527141274,0.69241544,0.127738068,0.762014787,0
4.34284E-4,75.787647306,0.692643058,0.126354623,0.764787431,0
4.34451E-4,76.004828329,0.692782224,0.125201752,0.76663586,0
4.34549E-4,76.265523305,0.692864243,0.123818308,0.769408503,0
4.34677E-4,76.526277011,0.692970673,0.122434863,0.771256932,0
4.3484E-4,76.787144359,0.693107235,0.121051418,0.774029575,0
4.34939E-4,77.004594294,0.693189156,0.119898547,0.776340111,0
4.35066E-4,77.265610517,0.69329521,0.118515103,0.779112754,0
4.35304E-4,77.526747146,0.693493375,0.117131658,0.78142329,0
4.35407E-4,77.787966455,0.693579138,0.115748213,0.783733826,0
4.35621E-4,78.005735634,0.693757125,0.114595342,0.786044362,0
4.35748E-4,78.267161269,0.69386303,0.113211898,0.788354898,0
4.3594E-4,78.528682404,0.694022639,0.111828453,0.791127542,0
4.36035E-4,78.790274787,0.694101413,0.110445008,0.793438078,0
4.36159E-4,79.008331858,0.694204782,0.109292137,0.795286506,0
4.36466E-4,79.270132191,0.694459314,0.107908693,0.797597043,0
4.36572E-4,79.532047958,0.694547071,0.106525248,0.800369686,0
4.36706E-4,79.750359076,0.694658942,0.105372377,0.802680222,0
4.36988E-4,80.012489338,0.694892423,0.103988932,0.805452865,0
4.37234E-4,80.274768016,0.695095827,0.102605488,0.807763401,0
4.37351E-4,80.537146183,0.695193458,0.101222043,0.810536044,0
4.37557E-4,80.755902494,0.695364019,0.100069172,0.81284658,0
4.37827E-4,81.018551984,0.69558695,0.098685727,0.815157116,0
4.37987E-4,81.281306499,0.695719058,0.097302283,0.81792976,0
4.38126E-4,81.500335591,0.69583382,0.096149412,0.820240296,0
4.38314E-4,81.763283756,0.695989219,0.094765967,0.823012939,0
4.38522E-4,82.026353412,0.69616127,0.093382522,0.825323475,0
4.38822E-4,82.289555032,0.696408893,0.091999078,0.827634011,0
4.38914E-4,82.508983764,0.696484726,0.090846207,0.829944547,0
4.39031E-4,82.77238428,0.696581384,0.089462762,0.832255083,0
4.39169E-4,83.035860868,0.696694587,0.088079318,0.834565619,0
4.39276E-4,83.255481694,0.69678303,0.086926447,0.836876155,0
4.39421E-4,83.519092209,0.696902533,0.085543002,0.839186691,0
4.39648E-4,83.782832967,0.697088859,0.084159557,0.841959335,0
4.39819E-4,84.002720697,0.697229761,0.083006687,0.844269871,0
4.39935E-4,84.266663737,0.697325294,0.081623242,0.847042514,0
4.40037E-4,84.530662802,0.697408871,0.080239797,0.84935305,0
4.40258E-4,84.750760435,0.697590865,0.079086926,0.851663586,0
4.40475E-4,85.014998869,0.697769261,0.077703482,0.854436229,0
4.40719E-4,85.279345176,0.697968726,0.076320037,0.857208872,0
4.40806E-4,85.543804197,0.698040089,0.074936592,0.859981516,0
4.40974E-4,85.76426339,0.698178357,0.073783721,0.862292052,0
4.41127E-4,86.028901882,0.698303648,0.072400277,0.865064695,0
4.41349E-4,86.293636202,0.698485291,0.071016832,0.867837338,0
4.41441E-4,86.514330423,0.69856119,0.069863961,0.870147874,0
4.41585E-4,86.779260796,0.698678884,0.068480516,0.87245841,0
4.41661E-4,87.000082242,0.698740643,0.067327646,0.874306839,0
4.4173E-4,87.26509593,0.698797561,0.065944201,0.877079482,0
4.41865E-4,87.530167821,0.698908115,0.064560756,0.879390018,0
4.421E-4,87.751185893,0.699100379,0.063407886,0.881700555,0
4.42263E-4,88.016515533,0.699232964,0.062024441,0.884473198,0
4.42388E-4,88.281913857,0.699335631,0.060640996,0.886321627,0
4.42607E-4,88.503174838,0.699514574,0.059488125,0.888170055,0
4.4274E-4,88.76878971,0.699622849,0.058104681,0.890942699,0
4.42894E-4,89.034497479,0.699748692,0.056721236,0.893715342,0
4.42949E-4,89.255959268,0.69979348,0.055568365,0.896025878,0
4.43019E-4,89.521759644,0.699850659,0.05418492,0.898798521,0
4.43189E-4,89.787653041,0.699989035,0.052801476,0.901571165,0
4.43251E-4,90.009262037,0.700039457,0.051648605,0.903881701,0
4.43311E-4,90.275242064,0.700088711,0.05026516,0.906654344,0
4.43425E-4,90.541263296,0.700181066,0.048881715,0.909426987,0
4.43484E-4,90.762994415,0.700229265,0.047728845,0.911275416,0
4.43626E-4,91.029137819,0.700345,0.0463454,0.913585952,0
4.43783E-4,91.250998351,0.700472773,0.045192529,0.915896488,0
4.43941E-4,91.517317828,0.700601167,0.043809085,0.918669131,0
4.44174E-4,91.783776858,0.700790416,0.04242564,0.921441774,0
4.44281E-4,92.005905701,0.70087722,0.041272769,0.922828096,0
4.44405E-4,92.27251177,0.700978661,0.039889324,0.925600739,0
4.44585E-4,92.539225122,0.70112479,0.03850588,0.928373383,0
4.44826E-4,92.761585224,0.70131982,0.037353009,0.930683919,0
4.4492E-4,93.028512058,0.701396336,0.035969564,0.932994455,0
4.44989E-4,93.25099935,0.701452511,0.034816694,0.934842884,0
4.45164E-4,93.518067193,0.701593819,0.033433249,0.937615527,0
4.45386E-4,93.785249332,0.701774307,0.032049804,0.94038817,0
4.45554E-4,94.007981833,0.701910085,0.030896933,0.942698706,0
4.45729E-4,94.275376542,0.702051535,0.029513489,0.945009242,0
4.46106E-4,94.542912504,0.702356696,0.028130044,0.947781885,0
4.46247E-4,94.766017996,0.70247112,0.026977173,0.950092421,0
4.46496E-4,95.03384786,0.702672326,0.025593728,0.952865065,0
4.46635E-4,95.257129656,0.702784332,0.024440858,0.955175601,0
4.47074E-4,95.525231178,0.703138529,0.023057413,0.957948244,0
4.47334E-4,95.793579547,0.703348064,0.021673968,0.96025878,0
4.47523E-4,96.017299734,0.70350004,0.020521098,0.962107209,0
4.47686E-4,96.285887193,0.703631497,0.019137653,0.964879852,0
4.47788E-4,96.509762433,0.703713761,0.017984782,0.967190388,0
4.4807E-4,96.778574308,0.703940406,0.016601337,0.969963031,0
4.48372E-4,97.002690608,0.704183215,0.015448467,0.971349353,0
4.48796E-4,97.271871849,0.704523946,0.014065022,0.974121996,0
4.4968E-4,97.541432334,0.70523275,0.012681577,0.976432532,0
4.50341E-4,97.766470488,0.705761676,0.011528706,0.978280961,0
4.51087E-4,98.037017341,0.706356852,0.010145262,0.981053604,0
4.51585E-4,98.262663495,0.706754424,0.008992391,0.98336414,0
4.5246E-4,98.533845878,0.707450516,0.007608946,0.985212569,0
4.55042E-4,98.760636109,0.709494965,0.006456076,0.987523105,0
4.57071E-4,99.034668804,0.711091619,0.005072631,0.989833641,0
4.58081E-4,99.263516065,0.71188374,0.00391976,0.992144177,0
4.59553E-4,99.53886657,0.713033631,0.002536315,0.994916821,0
4.60452E-4,99.768994714,0.71373358,0.001383445,0.997227357,0
4.62988E-4,100,0.715698432,0.000230574,0.999537893,0
4.62988E-4,100,0.715698432,0,0.999537893,0
